-- phpMyAdmin SQL Dump
-- version 2.10.3
-- http://www.phpmyadmin.net
-- 
-- Servidor: localhost
-- Tiempo de generación: 01-02-2010 a las 19:02:42
-- Versión del servidor: 5.0.51
-- Versión de PHP: 5.2.6

SET SQL_MODE="NO_AUTO_VALUE_ON_ZERO";

-- 
-- Base de datos: `w_camara`
-- 

-- --------------------------------------------------------

-- 
-- Estructura de tabla para la tabla `com_datos_ec`
-- 

CREATE TABLE `com_datos_ec` (
  `id` int(11) NOT NULL auto_increment,
  `v_pais` varchar(50) NOT NULL,
  `v_detalle` longtext NOT NULL,
  PRIMARY KEY  (`id`)
) ENGINE=MyISAM  DEFAULT CHARSET=utf8 AUTO_INCREMENT=3 ;

-- 
-- Volcar la base de datos para la tabla `com_datos_ec`
-- 

INSERT INTO `com_datos_ec` VALUES (1, 'Perú 2009 ', '<h1 class="titular">I. Datos Económicos</h1>\r\n                <h2>3.1 Situación Económica actual</h2>\r\n                \r\n                <p>Perú disfrutará este año de su mayor crecimiento económico en 14 años y uno de los más altos del mundo, pero la crisis global ya comenzó a golpear a sectores clave y es por ello que el gobierno ha lanzado un  ambicioso plan anticrisis.</p>\r\n                <p>El plan tiene como uno de sus objetivos principales generar más empleo y mantener el crecimiento; así como el de atraer hacia el Perú capitales internacionales que buscan nuevos horizontes.</p>\r\n                \r\n                <p>En la primera fase del plan se aumentará la inversión pública en unos 3.225 millones de dólares ó 2,47 por ciento del Producto Interno Bruto (PIB). La cifra es un 13 por ciento más de lo que se había presupuesto para todo el 2009.</p>\r\n                \r\n                <p>El plan también contempla una línea de crédito del exterior ya concertada por 3.000 millones de dólares y otro paquete de préstamo adicional comprometido por 6.250 millones de dólares, en caso se agrave la crisis internacional.</p>\r\n                \r\n                <p>Adicionalmente se creará el fondo Coficasa, con un aporte por parte del gobierno de 900 millones de soles (300 millones de dólares), para que llegue a los usuarios y aumente la velocidad de crecimiento en la industria de la construcción.</p>\r\n                \r\n                <p>Perú lleva 88 meses de crecimiento económico consecutivos, pero la rápida caída de los precios internacionales de materias primas, del cual el país es un gran exportador, ha mermado sus ingresos fiscales y golpeados la balanza comercial.</p>\r\n                \r\n                <p>Se espera que para el 2009 el motor de la economía local sea el consumo interno y la construcción de viviendas, que crecen a un ritmo anual de hasta 30 por ciento debido a la gran oferta de crédito y de las, aún atractivas, tasas de interés.</p>\r\n                \r\n                <p>Por otro lado la liquidez del gobierno (debido a altos precios de materias primas) es sin duda alguna una gran ayuda para enfrentar la crisis. Esto le permitirá al gobierno llevar a cabo políticas fiscales contracíclicas.<br />\r\n                </p>\r\n                \r\n                <h2>3.2 Crecimiento sostenido de la economía Peruana</h2>\r\n                \r\n                <h3>3.2.1 El PBI</h3>\r\n                \r\n                <p>El Perú registró un excelente desempeño económico, durante el 2008 el PBI se incrementó en 9.8%, tasa entre las más altas del mundo y que permite asegurar que la expansión acelerada del país superará los 9 años consecutivos. Estas buenas expectativas para los próximos años se basan principalmente, en muy buenas perspectivas para la inversión pública y privada, y al aumento de la confianza de inversionistas externos e internos.</p>\r\n                \r\n                <p>\r\n                <div class="table">\r\n                  <div class="tablewhite">AÑO</div>\r\n                  <div class="tablewhite">PBI real (var.%)</div>\r\n                  <div class="tablewhite">PBI (mill.S/.)</div>\r\n                  <div class="tablegris">2005</div>\r\n                  <div class="conttable">6,8</div>\r\n                  <div class="conttable">148640</div>\r\n                  <div class="tablegris">2006</div>\r\n                  <div class="conttable">7,7</div>\r\n                  <div class="conttable">160145</div>\r\n                  <div class="tablegris">2007</div>\r\n                  <div class="conttable">8.9</div>\r\n                  <div class="conttable">174329</div>\r\n                  <div class="tablegris">2008</div>\r\n                  <div class="conttable">9.8</div>\r\n                  <div class="conttable">191479</div>\r\n                </div>\r\n                </p>\r\n                <h3>3.2.2 Inversión</h3>\r\n                <p>Por su parte, la inversión privada en el país creció 24% durante 2008, tras haberse incrementado en 20.1% durante 2007. Se espera mantener tasas similares para los próximos años debido al sustancial aumento de la confianza de los inversionistas y los consumidores en el país, lo cual se ve reforzado con la calificación de la economía peruana como “grado de inversión”. Así, el flujo de la inversión privada en el Perú empezaría a superar los US$ 20,000 millones anuales. Por su parte, la inversión pública se beneficiará de los altos niveles de recaudación (los ingresos tributarios del fisco se incrementaron 15% durante 2007 y 27.8% en el 2006), lo que permitirá un aumento a 4% o 5% del PBI en el financiamiento de obras públicas.  <br />\r\n                </p>\r\n                \r\n                <div class="table2">                \r\n                  <div class="filatitle1">Año/Trim</div>\r\n                  <div class="filatitle2">Inversión bruta fija privada real (var%)</div>\r\n                  <div class="filatitle3">Inversión S. Público(% del PBI)</div>\r\n                  <div class="fila1">07T1</div>\r\n                  <div class="fila2">19,2</div>\r\n                  <div class="fila3">1,6</div>\r\n                  <div class="fila1">07T2</div>\r\n                  <div class="fila2">24,0</div>\r\n                  <div class="fila3">2,2</div>\r\n                    <div class="fila1">07T3</div>\r\n                    <div class="fila2">29,5</div>\r\n                    <div class="fila3">2,9</div>\r\n                    <div class="fila1">07T4</div>\r\n                  <div class="fila2">20,9</div>\r\n                  <div class="fila3">5,4</div>\r\n                  <div class="fila1">08T1</div>\r\n                  <div class="fila2">25,9</div>\r\n                  <div class="fila3">2,5</div>\r\n                    <div class="fila1">08T2</div>\r\n                    <div class="fila2">27,0</div>\r\n                    <div class="fila3">3,4</div>\r\n                    <div class="fila1">08T3</div>\r\n                  <div class="fila2">28,0</div>\r\n                  <div class="fila3">4,4</div>\r\n                  <div class="fila1">08T4</div>\r\n                  <div class="fila2">26,4</div>\r\n                  <div class="fila3">n.d.</div>\r\n                   <div class="fila1">09T1</div>\r\n                   <div class="fila2">22,9</div>\r\n                   <div class="fila3"></div>\r\n                </div>\r\n                <p style="font-size:9px">Fuente BCRP</p>\r\n                <h3>3.2.3 Consumo Privado</h3>\r\n                <p>Por su parte el consumo privado en bienes y servicios que realizan las familia peruanas, es el sostén de la economía local, en medio de la crisis internacional y esta viene siendo moderada en comparación al del año 2007.</p>\r\n                <div class="table3"> \r\n                 <div class="filatitle1">Año/Trim</div>\r\n                  <div class="filatitle2">Consumo Privado Real (var. %)</div>\r\n                  <div class="fila1">07T1</div>\r\n                  <div class="fila2">8,3</div>\r\n                  <div class="fila1">07T2</div>\r\n                  <div class="fila2">8,1</div>\r\n                  <div class="fila1">07T3</div>\r\n                  <div class="fila2">8,0</div>\r\n                  <div class="fila1">07T4</div>\r\n                  <div class="fila2">9,0</div>\r\n                  <div class="fila1">08T1</div>\r\n                  <div class="fila2">8,4</div>\r\n                  <div class="fila1">08T2</div>\r\n                  <div class="fila2">9,3</div>\r\n                  <div class="fila1">08T3</div>\r\n                  <div class="fila2">9,2</div>\r\n                  <div class="fila1">08T4</div>\r\n                  <div class="fila2">8,0</div>\r\n                  <div class="fila1">09T1</div>\r\n                  <div class="fila2">3,8</div>                \r\n                </div>\r\n                \r\n                <p style="font-size:9px; ">Fuente BCRP</p>\r\n                \r\n                <h3>3.2.4 Tipo de Cambio</h3>\r\n                <p>El tipo de cambio en el Perú, significa dar un panorama de la actividad monetaria del estado  como agente regulador del sistema financiero. Pese a la crisis externa el BCRP ha sabido mantener un tipo de cambio flexible que han permitido consolidar un régimen estable.<br />\r\n</p>\r\n                \r\n                <div class="table4">\r\n                  <div class="filatitle4">Tipo de Cambio Promedio de Venta 2007-2009</div>                  \r\n                  <div class="tablewhite2">2009</div>\r\n                  <div class="tablewhite2">2008</div>\r\n                  <div class="tablewhite2">2007</div>\r\n                  <div class="tablewhites"></div>\r\n                  <div class="tabledatos">12 meses</div>\r\n                  <div class="tabledatos">Mensual</div>\r\n                  <div class="tabledatos">12 meses</div>\r\n                  <div class="tabledatos">Mensual</div>\r\n                  <div class="tabledatos">12 meses</div>\r\n                  <div class="tabledatos">Mensual</div>\r\n                  \r\n                  <div class="contedtableest">\r\n                  <div class="contedmes">\r\n                  <div class="filames">Enero</div>\r\n                  <div class="filames">Febrero</div>\r\n                  <div class="filames">Marzo</div>\r\n                  <div class="filames">Abril</div>\r\n                  <div class="filames">Mayo</div>\r\n                  <div class="filames">Junio</div>\r\n                  <div class="filames">Julio</div>\r\n                  <div class="filames">Agosto</div>\r\n                  <div class="filames">Setiembre</div>\r\n                  <div class="filames">Octubre</div>\r\n                  <div class="filames">Noviembre</div>\r\n                  <div class="filames">Diciembre</div>\r\n                  <div class="filames">Memo:Promedio Anual</div>\r\n                  </div>\r\n                  <div class="conttablesdatos">\r\n                  <div class="tabledatos">6.81 </div>\r\n                  <div class="tabledatos">3.153 </div>\r\n                  <div class="tabledatos">-7.55 </div>\r\n                  <div class="tabledatos">2.952 </div>\r\n                  <div class="tabledatos">-5.93 </div>\r\n                  <div class="tabledatos">3.193 </div>\r\n                  <div class="tabledatos">11.42 </div>\r\n                  <div class="tabledatos">3.238 </div>\r\n                  <div class="tabledatos">-8.93 </div>\r\n                  <div class="tabledatos">2.906 </div>\r\n                  <div class="tabledatos">-3.00 </div>\r\n                  <div class="tabledatos">3.191 </div>\r\n                  <div class="tabledatos">12.94 </div>\r\n                  <div class="tabledatos">3.176 </div>\r\n                  <div class="tabledatos">-11.74 </div>\r\n                  <div class="tabledatos">2.812</div>\r\n                  <div class="tabledatos">-4.62 </div>\r\n                  <div class="tabledatos">3.186 </div>\r\n                  <div class="tabledatos">12.10 </div>\r\n                  <div class="tabledatos">3.085 </div>\r\n                  <div class="tabledatos">-13.42 </div>\r\n                  <div class="tabledatos">2.752 </div>\r\n                  <div class="tabledatos">-4.61 </div>\r\n                  <div class="tabledatos">3.179 </div>\r\n                  <div class="tabledatos">6.71 </div>\r\n                  <div class="tabledatos">2.995 </div>\r\n                  <div class="tabledatos">-11.40 </div>\r\n                  <div class="tabledatos">2.807 </div>\r\n                  <div class="tabledatos">-3.41 </div>\r\n                  <div class="tabledatos">3.168 </div>\r\n                  <div class="tabledatos"></div>\r\n                  <div class="tabledatos"></div>\r\n                  <div class="tabledatos">-8.70 </div>\r\n                  <div class="tabledatos">2.895 </div>\r\n                  <div class="tabledatos">-2.88 </div>\r\n                  <div class="tabledatos">3.171 </div>\r\n                  <div class="tabledatos"></div>\r\n                  <div class="tabledatos"></div>\r\n                  <div class="tabledatos">-9.85 </div>\r\n                  <div class="tabledatos">2.850 </div>\r\n                  <div class="tabledatos">-2.54 </div>\r\n                  <div class="tabledatos">3.162 </div>\r\n                  <div class="tabledatos"></div>\r\n                  <div class="tabledatos"></div>\r\n                  <div class="tabledatos">-8.32 </div>\r\n                  <div class="tabledatos">2.896 </div>\r\n                  <div class="tabledatos">-2.36 </div>\r\n                  <div class="tabledatos">3.159 </div>\r\n                  <div class="tabledatos"></div>\r\n                  <div class="tabledatos"></div>\r\n                  <div class="tabledatos">-5.37 </div>\r\n                  <div class="tabledatos">2.968 </div>\r\n                  <div class="tabledatos">-3.45 </div>\r\n                  <div class="tabledatos">3.137 </div>\r\n                      <div class="tabledatos"></div>\r\n                  <div class="tabledatos"></div>\r\n                  <div class="tabledatos">2.01 </div>\r\n                  <div class="tabledatos">3.082 </div>\r\n                  <div class="tabledatos">-6.72 </div>\r\n                  <div class="tabledatos">3.021 </div>\r\n                      <div class="tabledatos"></div>\r\n                  <div class="tabledatos"></div>\r\n                  <div class="tabledatos">3.04 </div>\r\n                  <div class="tabledatos">3.093 </div>\r\n                  <div class="tabledatos">-6.86 </div>\r\n                  <div class="tabledatos">3.002 </div>\r\n                      <div class="tabledatos"></div>\r\n                  <div class="tabledatos"></div>\r\n                  <div class="tabledatos">4.44 </div>\r\n                  <div class="tabledatos">3.115 </div>\r\n                  <div class="tabledatos">-7.00 </div>\r\n                  <div class="tabledatos">2.983 </div>\r\n                  <div class="tabledatos"></div>\r\n                  <div class="tabledatos"></div>\r\n                  <div class="tabledatos"><strong>-6.44 </strong></div>\r\n                  <div class="tabledatos">2.93 </div>\r\n                  <div class="tabledatos"><strong>-4.45 </strong></div>\r\n                  <div class="tabledatos">3.13 </div>\r\n                  </div>\r\n                  </div>\r\n                </div>\r\n                \r\n                <p style="font-size:9px;">\r\n                <br />\r\nFuente BCRP<br />\r\n                Elaboración: Gerencia de Estudios Económicos<br />\r\n                </p>\r\n\r\n                \r\n                <h3>3.2.5 Reservas Internacionales Netas</h3>\r\n                <p>En un contexto como el actual, con una gran variabilidad en las tasas de interés internacionales, precios de commodities, aumento de presiones inflacionarias y expectativas de desaceleración mundial, el rol de la acumulación de Reservas Internacionales Netas (RIN) se constituye en un elemento vital de la estabilidad macroeconómica de la economía peruana. Las Reservas Internacionales Netas de Perú ascendieron a 31,196 millones de dólares al 31 de diciembre del 2008, monto superior en 3,507 millones con respecto al nivel registrado el 2007.<br />\r\n                </p>\r\n              \r\n              \r\n                <div class="table4111">\r\n                <div class="filatitle4"><strong>RESERVAS  INTERNACIONALES NETAS</strong></div>\r\n                <div class="filatitle5"><strong>Año / mes</strong></div>\r\n                <div class="filatitle5"><strong>Plata y  subval. Cont. oro</strong></div>\r\n                <div class="filatitle5"><strong>Activos  internac.</strong></div>\r\n                <div class="filatitle5"><strong>Obligac.  Corto pzo. Internac.</strong></div>\r\n                <div class="filatitle5"><strong>Obligac.  L.Pzo. FMI y otros</strong></div>\r\n                <div class="filatitle5"><strong>Reservas  Internac. Netas</strong></div>\r\n                <div class="filatitle6"><b><u>2008</u></b></div>\r\n                <div class="filatitle6"></div>\r\n                <div class="filatitle6"></div>\r\n                <div class="filatitle6"></div>\r\n                <div class="filatitle6"></div>\r\n                <div class="filatitle6"></div>\r\n                <div class="filatitle6">Ene.</div>\r\n                <div class="filatitle6">1</div>\r\n                <div class="filatitle6"><u>30,767</u></div>\r\n                <div class="filatitle6">29</div>\r\n                <div class="filatitle6">1</div>\r\n                <div class="filatitle6"><u>30,737</u></div>\r\n                <div class="filatitle6">Feb.</div>\r\n                <div class="filatitle6">0</div>\r\n                <div class="filatitle6"><u>32,336</u></div>\r\n                <div class="filatitle6">30</div>\r\n                <div class="filatitle6">0</div>\r\n                <div class="filatitle6"><u>32,306</u></div>\r\n                <div class="filatitle6">Mar.</div>\r\n                <div class="filatitle6">0</div>\r\n                <div class="filatitle6"><u>33,608</u></div>\r\n                <div class="filatitle6">32</div>\r\n                <div class="filatitle6">0</div>\r\n                <div class="filatitle6"><u>33,576</u></div>\r\n                <div class="filatitle6">Abr.</div>\r\n                <div class="filatitle6">0</div>\r\n                <div class="filatitle6"><u>35,657</u></div>\r\n                <div class="filatitle6">32</div>\r\n                <div class="filatitle6">0</div>\r\n                <div class="filatitle6"><u>35,625</u></div>\r\n                <div class="filatitle6">May.</div>\r\n                <div class="filatitle6">0</div>\r\n                <div class="filatitle6"><u>34,889</u></div>\r\n                <div class="filatitle6">30</div>\r\n                <div class="filatitle6">0</div>\r\n                <div class="filatitle6"><u>34,859</u></div>\r\n                <div class="filatitle6">Jun.</div>\r\n                <div class="filatitle6">0</div>\r\n                <div class="filatitle6"><u>35,550</u></div>\r\n                <div class="filatitle6">32</div>\r\n                <div class="filatitle6">0</div>\r\n                <div class="filatitle6"><u>35,518</u></div>\r\n                <div class="filatitle6">Jul.</div>\r\n                <div class="filatitle6">1</div>\r\n                <div class="filatitle6"><u>34,876</u></div>\r\n                <div class="filatitle6">33</div>\r\n                <div class="filatitle6">0</div>\r\n                <div class="filatitle6"><u>34,843</u></div>\r\n                <div class="filatitle6">Ago.</div>\r\n                <div class="filatitle6">1</div>\r\n                <div class="filatitle6"><u>34,951</u></div>\r\n                <div class="filatitle6">34</div>\r\n                <div class="filatitle6">0</div>\r\n                <div class="filatitle6"><u>34,917</u></div>\r\n                <div class="filatitle6">Set.</div>\r\n                <div class="filatitle6">0</div>\r\n                <div class="filatitle6"><u>34,732</u></div>\r\n                <div class="filatitle6">30</div>\r\n                <div class="filatitle6">0</div>\r\n                <div class="filatitle6"><u>34,702</u></div>\r\n                <div class="filatitle6">Oct.</div>\r\n                <div class="filatitle6">0</div>\r\n                <div class="filatitle6"><u>31,969</u></div>\r\n                <div class="filatitle6">36</div>\r\n                <div class="filatitle6">0</div>\r\n                <div class="filatitle6"><u>31,933</u></div>\r\n                <div class="filatitle6">Nov. 28</div>\r\n                <div class="filatitle6">0</div>\r\n                <div class="filatitle6"><u>31,005</u></div>\r\n                <div class="filatitle6">35</div>\r\n                <div class="filatitle6">0</div>\r\n                <div class="filatitle6"><u>30,970</u></div>\r\n                <div class="filatitle6">Dic. 31</div>\r\n                <div class="filatitle6">0</div>\r\n                <div class="filatitle6"><u>31,233</u></div>\r\n                <div class="filatitle6">37</div>\r\n                <div class="filatitle6">0</div>\r\n                <div class="filatitle6"><u>31,196</u></div>\r\n                <div class="filatitle6"><strong><u>2009</u></strong></div>\r\n                <div class="filatitle6"></div>\r\n                <div class="filatitle6"></div>\r\n                <div class="filatitle6"></div>\r\n                <div class="filatitle6"></div>\r\n                <div class="filatitle6"></div>\r\n                <div class="filatitle6">Ene. 06</div>\r\n                <div class="filatitle6">1</div>\r\n                <div class="filatitle6"><u>31,113</u></div>\r\n                <div class="filatitle6">37</div>\r\n                <div class="filatitle6">0</div>\r\n                <div class="filatitle6"><u>31,076</u></div>\r\n                \r\n                </div>\r\n                <p>\r\n\r\n                </p>\r\n                <h2 style="margin:0; display:block; z-index:100; clear:both;padding-bottom:6px;">3.3Comercio Exterior</h2>\r\n                <h3>3.3.1 Intercambio Comercial</h3>\r\n                <p>En diciembre, el <u>intercambio comercial</u><span style="font-size:9px;"> (1)</span> del Perú con el mundo ascendió a US$ 3 858.7 millones, registrando un decremento del 18% respecto del mismo mes del año anterior. En el acumulado enero-diciembre el intercambio comercial alcanzó los US$ 59 968 millones y una tasa de crecimiento de 26,3% respecto de similar período del 2007.</p>\r\n                \r\n                <p style="font-size:9px">\r\n                (1) Construido a partir de la suma de las importaciones CIF y las exportaciones FOB de bienes registrados bajo los regímenes de importación definitivos.\r\n                </p>\r\n                \r\n                <h3>3.3.2Exportaciones</h3>\r\n                <p>La caída de las cotizaciones internacionales de las materias primas, derivado de una menor demanda mundial, afectó a las exportaciones peruanas que por segundo mes consecutivo mostraron un comportamiento negativo y que retrocedieron a niveles del primer trimestre 2007.</p>\r\n                \r\n                <p>En diciembre del 2008 las exportaciones ascendieron a US$ 6 474,4 millones, registrando un descenso de 18,4% respecto de similar mes del año anterior. Cabe señalar que, en el acumulado enero-diciembre las exportaciones aún mantienen un crecimiento de 16,9%, alcanzando un monto ascendente a US$ 31 529.4 millones.</p>\r\n                \r\n                <p>En diciembre la evolución de las exportaciones peruanas estuvo influenciada por la drástica caída de las exportaciones tradicionales (-37,4%), que se explicó principalmente por las menores cotizaciones de minerales y petróleo, afectados por la menor demanda mundial. Las exportaciones no tradicionales, que concentraron el 24% de las exportaciones totales, también se vieron afectadas al decrecer en  20% respecto de similar mes del año anterior.</p>\r\n                \r\n                <p>En términos acumulados, durante el período enero-diciembre, las exportaciones no tradicionales crecieron 19.7% superando a las exportaciones tradicionales que hicieron lo propio al crecer 10.9%.</p>\r\n                \r\n                <h3>3.3.2.1 Países de destino</h3>\r\n                \r\n                <p>En el acumulado enero-diciembre del 2008, Estados Unidos sigue siendo el principal mercado de destino de las exportaciones peruanas al representar el 18% de las mismas. Las ventas al mercado estadounidense sumaron US$ 5 742 millones, registrando un incremento de 3,4% en relación a enero- diciembre del año anterior. Al mercado estadounidense se le vende principalmente minerales y petróleos y derivados, siendo los más requeridos el cobre refinado, oro, aceites crudos de petróleo, gasolinas, plata en bruto, los demás aceites pesados, entre otros.</p>\r\n                \r\n                <p>El segundo mercado en importancia de las exportaciones peruanas fue China, totalizando US$ 3 737millones en el período enero-diciembre del 2008, cifra que significó un crecimiento de 23% y explicando el 12% de las exportaciones totales. A China se le vende principalmente minerales y harina de pescado. </p>\r\n                \r\n                <p>Suiza es el tercer mercado de destino de las exportaciones peruanas con un monto ascendente a US$ 3 410millones en el acumulado enero-noviembre, registrando un crecimiento de 46% respecto de similar período del año anterior. La exportación al mercado suizo se caracteriza por su elevada dependencia en las ventas de oro, producto que concentra alrededor del 99% del total exportado a ese país. </p>\r\n                \r\n                <h3>3.3.3Importaciones</h3>\r\n                \r\n                <p>En diciembre del 2008 las importaciones CIF ascendieron a US$ 1 910,7 millones, registrando un crecimiento de 6,4% respecto de similar mes del año anterior. Si bien, las importaciones mantienen una tendencia positiva desde hace 58 meses, sin embargo su ritmo de crecimiento ha sido inferior al registrado en los meses del 2008.<br />\r\n                Con este  resultado, las importaciones acumuladas en el período enero-diciembre sumaron US$ 28 439 millones, monto que representa un incremento de 45,1% respecto de similar  período del año anterior.</p>\r\n                \r\n                <p>En el acumulado enero-diciembre, todos los componentes registraron incrementos significativos, destacando las importaciones de bienes de capital (57,6%), al igual que los insumos (39,5%) y los bienes de consumo (crecieron 41,8%).</p>\r\n                \r\n                <p>&nbsp;</p>\r\n                \r\n                <h3>3.3.3.1 Países de origen</h3>\r\n                \r\n                <p>Estados Unidos sigue siendo el principal abastecedor de bienes al mercado nacional, explicando el 19.6% de la totalidad de las importaciones, cifra superior a la participación de 18% registrada en similar período del año anterior. Sigue en importancia China, con el 14% de las importaciones peruanas. Por su parte, Brasil con el 9% de participación se consolida como tercer mercado de origen, seguido de Ecuador (6%) y Argentina (5%).</p>\r\n                \r\n                <p>Las importaciones peruanas originarias de Estados Unidos sumaron US$ 5 577 millones en el período enero-diciembre, registrando un incremento de 59,4% respecto a similar período del 2007. Este resultado reflejó la mayor demanda nacional por combustibles, productos de polimerización, maquinaria industrial, insumos orientados a la industria minera y alimenticia.</p>\r\n                \r\n                <p>En segundo lugar se ubicó China con US$ 4 063 millones y registrando un crecimiento de 69,1% respecto al período enero- diciembre del 2007. Destacando las importaciones de bienes de capital y materiales de construcción, destacando los equipos de telefonía (principalmente teléfonos móviles celulares), máquinas y aparatos de oficina (máquinas automáticas para el tratamiento o procesamientos de datos, entre otros), maquinaria industrial.</p>\r\n                \r\n                <p>Brasil es el tercer país de origen de las importaciones peruanas, con una participación del 9% y compras valorizadas en US$ 2 416 millones en el período enero- diciembre, registrando un crecimiento de 31,9% en comparación con similar  período del 2007. De este mercado se importó combustibles, equipo  rodante de transporte, maquinaria industrial, insumos orientados a la industria minera y teléfonos móviles celulares.</p>\r\n                \r\n				<p style="font-size:9px;">Fuente BCRP<br /></p>                \r\n                \r\n                <h3>3.3.4.Relaciones comerciales del Perú</h3>\r\n                \r\n                <p>Con la finalidad de consolidar un marco jurídico que garantice y proteja la inversión y coadyuve a crear el adecuado clima para fomentar un mayor flujo de inversiones extranjeras, el Perú ha sido muy activo en la negociación de instrumentos de carácter bilateral, regional y multilateral, que tienen por finalidad establecer garantías de tratamiento, protección y acceso a mecanismos de solución de controversias aplicables a las inversiones.  </p>\r\n                \r\n                 <p>Se han suscrito 31 convenios bilaterales de promoción y protección recíproca de inversiones con países de la Cuenca del Pacífico, Europa y América Latina, asimismo el Acuerdo de Promoción Comercial suscrito con Estados Unidos (pendiente de aprobación por el Congreso norteamericano) incluye un Capítulo sobre Inversión.  En el caso de Estados Unidos debemos además mencionar el convenio con OPIC para la emisión de coberturas de riesgo a las inversiones norteamericanas que se desarrollan en el Perú. </p>\r\n                 <p>Perú también es miembro del MIGA y se ha adherido a la Convención Constitutiva del CIADI, así como la Convención sobre el Reconocimiento y Ejecución de las Sentencias Arbitrales Extranjeras (Convención de Nueva York). </p>\r\n\r\n                <h1>II.RELACIONES COMERCIALES PERÚ – ITALIA</h1>\r\n                \r\n                <p>En el 2008 un 2,97 % de las exportaciones peruanas tuvo como destino el mercado italiano. El intercambio comercial alcanzó los US$ 1655.1 millones de dólares (en un incremento del 39% en relación al año 2007, que alcanzó los US$ 1189.05 millones de dólares). Las exportaciones a Italia fueron por un valor de US$ 926.6 millones de dólares, mientras que las importaciones provenientes de este país alcanzaron un valor de US$ 728.5 millones de dólares, resultando una balanza comercial favorable para el Perú en US$ 198.1 millones de dólares.</p>\r\n                \r\n                <h2>4.1. Principales productos de importación</h2>\r\n                \r\n                <p>Los principales productos italianos importados por el Perú pertenecen a dos categorías: <br />\r\n                  Maquinarías y equipos para la industria textil, del plástico y embalaje<br />\r\n                  Productos alimenticios: pasta, aceite de oliva, vinos y quesos.\r\n                </p>\r\n                \r\n                <h2>4.2. Principales productos de exportación</h2>\r\n                \r\n                <p>El cobre refinado, el cual representa el 50% de las exportaciones peruanas a Italia, y “commodities” como el zinc, plomo y plata. Se exportan, igualmente, productos con mayor valor agregado como hilados de alpaca, algodón y lana, tejidos y prendas de vestir de algodón y prendas de alpaca. El sector pesquero peruano exporta harina de pescado y para consumo humano: pulpos, potas, calamares y filetes de merluza congelados. Otros productos de exportación provienen del sector químico -tara, colorantes de origen vegetal para la industria alimenticia- y del sector agroindustrial -curtiembres, espárragos y palmitos en conserva, menestras y café.</p>\r\n                \r\n                <p style="text-align:center;"><b>Comparación de las exportaciones peruanas hacia ITALIA en los años 2007 – 2008 por sector económico </b></p>\r\n                                                             \r\n<div style='' height:1200px; margin-top:10px; background:#FFFFFF; padding-top:5px;''>\r\n      				<div class="filatitle7"><strong>Exports</strong></div>\r\n                  <div class="filatitle7a"><strong>Imports</strong></div>\r\n                  <div class="filatitle7ab"><strong>Balances</strong></div>\r\n                  <div class="filatitle10a"><strong>Absolutes</strong></div>\r\n                  <div class="filatitle10a"><strong>Standardiz. (%)</strong></div>\r\n                  \r\n                  <div class="filatitle7">\r\n                  <div class="fila4"><strong>Sectors </strong></div>\r\n                  <div class="tabledatos3"><strong>2007</strong></div>\r\n                  <div class="tabledatos3"><strong>2008</strong></div>\r\n                  	<div class="tabledatos4"><strong>Var.%</strong></div>                   \r\n                  <div class="tabledatos3"><strong>Jan-Sep</strong></div>\r\n                  <div class="tabledatos3"><strong>Jan-Sep</strong></div>\r\n                  </div>\r\n                    <div class="filatitle7a">\r\n                      <div class="tabledatos3">2007</div>\r\n                  <div class="tabledatos3">2008</div>\r\n                  	<div class="tabledatos4">Var.%</div>               \r\n                 \r\n                   <div class="tabledatos3">Jan-Sep</div> \r\n                  <div class="tabledatos3">Jan-Sep</div>\r\n                  \r\n                  </div>\r\n                  \r\n				<div class="filatitle7a1">\r\n				  <div class="tabledatos31">2007</div>\r\n                  <div class="tabledatos31">2008</div>\r\n                  <div class="tabledatos31">2007</div>\r\n                  <div class="tabledatos31">2008</div>\r\n                  <div class="tabledatos31">Jan-Sep</div>\r\n                  <div class="tabledatos31">Jan-Sep</div>\r\n                  <div class="tabledatos31">Jan-Sep</div> \r\n                  <div class="tabledatos31">Jan-Sep</div>                  \r\n      			</div>          \r\n                  \r\n                  <div class="filatitle7">\r\n                  <div class="fila6">01 - Agricolture, forestry and fishery products  </div>\r\n                  <div class="fila5">88</div>\r\n                  <div class="fila5">179</div>\r\n                  <div class="fila5">103,98 </div>\r\n                  </div>\r\n                  \r\n                  <div class="filatitle7a"> \r\n                  <div class="fila5">10.646</div>\r\n                  <div class="fila5">12.338</div>\r\n                  <div class="fila5">15,90 </div>\r\n                  </div>\r\n                  \r\n				  <div class="filatitle7ab2"> \r\n                  <div class="fila5">-10.558	</div>\r\n                  <div class="fila5">-12.159</div>\r\n                  <div class="fila5">-98,36</div>\r\n                  <div class="fila5">-97,14</div>                  \r\n      </div>                  \r\n\r\n                  <div class="filatitle7">\r\n                  <div class="fila6">02 - Mining industry products </div>\r\n                  <div class="fila5">224</div>\r\n                  <div class="fila5">210</div>\r\n                  <div class="fila5">-6,29 </div>\r\n                  </div>\r\n                  <div class="filatitle7a"> \r\n                  <div class="fila5">71.032</div>\r\n                  <div class="fila5">72.917</div>\r\n                  <div class="fila5">2,65 </div>\r\n                  </div>\r\n                  \r\n				  <div class="filatitle7ab2"> \r\n                  <div class="fila5">-70.808</div>\r\n                  <div class="fila5">-72.708</div>\r\n                  <div class="fila5">-99,37</div>\r\n                  <div class="fila5">-99,43</div>                  \r\n                  </div>        \r\n                  \r\n<div class="filatitle7">\r\n                  <div class="fila6">03 - Food, beverage and tobacco </div>\r\n                  <div class="fila5">2.169</div>\r\n                  <div class="fila5">2.73</div>\r\n                  <div class="fila5">25,85 </div>\r\n          </div>\r\n                  <div class="filatitle7a"> \r\n                  <div class="fila5">32.897</div>\r\n                  <div class="fila5">27.227</div>\r\n                  <div class="fila5">-17,23 </div>\r\n      </div>\r\n					\r\n                    <div class="filatitle7ab2"> \r\n                  <div class="fila5">-30.728</div>\r\n                  <div class="fila5">-24.947</div>\r\n                  <div class="fila5">-87,63</div>\r\n                  <div class="fila5">-81,77</div>                  \r\n                  </div>                  \r\n                  \r\n<div class="filatitle7">\r\n                  <div class="fila6">04 - Textiles, wearing apparel </div>\r\n                  <div class="fila5">2.838</div>\r\n                  <div class="fila5">3.053</div>\r\n                  <div class="fila5">7,59 </div>\r\n          </div>\r\n                  <div class="filatitle7a"> \r\n                  <div class="fila5">21.057</div>\r\n                  <div class="fila5">19.989</div>\r\n                  <div class="fila5">-5,07 </div>\r\n                  </div>\r\n				<div class="filatitle7ab2"> \r\n                  <div class="fila5">18.219</div>\r\n                  <div class="fila5">-16.936</div>\r\n                  <div class="fila5">-76,25</div>\r\n                  <div class="fila5">-73,50</div>                  \r\n      </div>                  \r\n<div class="filatitle7">\r\n                  <div class="fila6">05 - Textiles and knitwear </div>\r\n                  <div class="fila5">2.182</div>\r\n                  <div class="fila5">2.186</div>\r\n                  <div class="fila5">0,19 </div>\r\n          </div>\r\n                  <div class="filatitle7a"> \r\n                  <div class="fila5">10.92</div>\r\n                  <div class="fila5">11.524</div>\r\n                  <div class="fila5">5,53 </div>\r\n                  </div>\r\n<div class="filatitle7ab2"> \r\n                  <div class="fila5">-8.738</div>\r\n                  <div class="fila5">-9.338</div>\r\n                  <div class="fila5">-66,69</div>\r\n                  <div class="fila5">-68,11</div>                  \r\n      </div>                  \r\n<div class="filatitle7">\r\n                  <div class="fila6">06 - Footwear and leather/hides products </div>\r\n                  <div class="fila5">446</div>\r\n                  <div class="fila5">560</div>\r\n                  <div class="fila5">25,53 </div>\r\n          </div>\r\n                  <div class="filatitle7a"> \r\n                  <div class="fila5">520</div>\r\n                  <div class="fila5">400</div>\r\n                  <div class="fila5">-23,06 </div>\r\n                  </div>\r\n<div class="filatitle7ab2"> \r\n                  <div class="fila5">-74</div>\r\n                  <div class="fila5">160</div>\r\n                  <div class="fila5">-7,65</div>\r\n                  <div class="fila5">16,66</div>                  \r\n      </div>                  \r\n<div class="filatitle7">\r\n                  <div class="fila6">07 - Wood and cork products </div>\r\n                  <div class="fila5">308</div>\r\n                  <div class="fila5">177</div>\r\n                  <div class="fila5">-42,48 </div>\r\n          </div>\r\n                  <div class="filatitle7a"> \r\n                  <div class="fila5">1.022</div>\r\n                  <div class="fila5">1.093</div>\r\n                  <div class="fila5">6,89 </div>\r\n                  </div>\r\n<div class="filatitle7ab2"> \r\n                  <div class="fila5">-714</div>\r\n                  <div class="fila5">-916</div>\r\n                  <div class="fila5">-53,70</div>\r\n                  <div class="fila5">-72,10</div>                  \r\n      </div>                  \r\n<div class="filatitle7">\r\n                  <div class="fila6">08 - Paper and paper products.</div>\r\n                  <div class="fila5">4.27</div>\r\n                  <div class="fila5">5.103</div>\r\n                  <div class="fila5">19,50 </div>\r\n          </div>\r\n                  <div class="filatitle7a"> \r\n                  <div class="fila5">56</div>\r\n                  <div class="fila5">46</div>\r\n                  <div class="fila5">-17,90 </div>\r\n                  </div>\r\n<div class="filatitle7ab2"> \r\n                  <div class="fila5">4.214</div>\r\n                  <div class="fila5">5.057</div>\r\n                  <div class="fila5">97,41</div>\r\n                  <div class="fila5">98,21</div>                  \r\n      </div>                  \r\n<div class="filatitle7">\r\n                  <div class="fila6">09 - Refined petroleum products </div>\r\n                  <div class="fila5">2</div>\r\n                  <div class="fila5">389</div>\r\n                  <div class="fila5">21044,73 </div>\r\n          </div>\r\n                  <div class="filatitle7a"> \r\n                  <div class="fila5"></div>\r\n                  <div class="fila5"></div>\r\n                  <div class="fila5"></div>\r\n                  </div>\r\n<div class="filatitle7ab2"> \r\n                  <div class="fila5"></div>\r\n                  <div class="fila5"></div>\r\n                  <div class="fila5"></div>\r\n                  <div class="fila5"></div>                  \r\n      </div>                  \r\n<div class="filatitle7">\r\n                  <div class="fila6">10 - Chemical and pharmaceutical </div>\r\n                  <div class="fila5">9.171</div>\r\n                  <div class="fila5">10.672</div>\r\n                  <div class="fila5">16,36 </div>\r\n          </div>\r\n                  <div class="filatitle7a"> \r\n                  <div class="fila5">7.023</div>\r\n                  <div class="fila5">6.431</div>\r\n                  <div class="fila5">-8,42 </div>\r\n                  </div>\r\n                  \r\n<div class="filatitle7ab2"> \r\n                  <div class="fila5">2.149</div>\r\n                  <div class="fila5">4.24</div>\r\n                  <div class="fila5">13,27</div>\r\n                  <div class="fila5">24,79</div>                  \r\n      </div>                  \r\n<div class="filatitle7">\r\n                  <div class="fila6">11 - Rubber and plastic products </div>\r\n                  <div class="fila5">3.946</div>\r\n                  <div class="fila5">6.063</div>\r\n                  <div class="fila5">53,66 </div>\r\n          </div>\r\n                  <div class="filatitle7a"> \r\n                  <div class="fila5">23</div>\r\n                  <div class="fila5">626</div>\r\n                  <div class="fila5">2.655,46 </div>\r\n                  </div>\r\n                  <div class="filatitle7ab2"> \r\n                  <div class="fila5">3.923</div>\r\n                  <div class="fila5">5.437</div>\r\n                  <div class="fila5">98,86</div>\r\n                  <div class="fila5">81,29</div>                  \r\n                  </div>\r\n                  \r\n<div class="filatitle7">\r\n                  <div class="fila6">12 - Glass, ceramic and non-metallic  </div>\r\n                  <div class="fila5">5.028</div>\r\n                  <div class="fila5">5.437</div>\r\n                  <div class="fila5">8,15 </div>\r\n          </div>\r\n                  <div class="filatitle7a"> \r\n                  <div class="fila5">376</div>\r\n                  <div class="fila5">374</div>\r\n                  <div class="fila5">-0,62 </div>\r\n                  </div>\r\n<div class="filatitle7ab2"> \r\n                  <div class="fila5">4.651</div>\r\n                  <div class="fila5">5.063</div>\r\n                  <div class="fila5">86,07</div>\r\n                  <div class="fila5">87,13</div>                  \r\n      </div>                  \r\n<div class="filatitle7">\r\n                  <div class="fila6">13 - Metals and metal products </div>\r\n                  <div class="fila5">9.005</div>\r\n                  <div class="fila5">69.023</div>\r\n                  <div class="fila5">666,46 </div>\r\n          </div>\r\n                  <div class="filatitle7a"> \r\n                  <div class="fila5">381.56</div>\r\n                  <div class="fila5">339.812</div>\r\n                  <div class="fila5">-10,94 </div>\r\n                  </div>\r\n                  \r\n<div class="filatitle7ab2"> \r\n                  <div class="fila5">-372.55</div>\r\n                  <div class="fila5">-270.79</div>\r\n                  <div class="fila5">-95,39</div>\r\n                  <div class="fila5">-66,23</div>                  \r\n      </div>                  \r\n<div class="filatitle7">\r\n                  <div class="fila6">14 - Machines and machine appliances </div>\r\n                  <div class="fila5">90.279</div>\r\n                  <div class="fila5">194.496</div>\r\n                  <div class="fila5">115,44 </div>\r\n          </div>\r\n                  <div class="filatitle7a"> \r\n                  <div class="fila5">3.202</div>\r\n                  <div class="fila5">338</div>\r\n                  <div class="fila5">-89,43 </div>\r\n                  </div>\r\n<div class="filatitle7ab2"> \r\n                  <div class="fila5">87.077</div>\r\n                  <div class="fila5">194.158</div>\r\n                  <div class="fila5">15,90 </div>\r\n                  <div class="fila5">15,90 </div>                  \r\n      </div>                  \r\n<div class="filatitle7">\r\n                  <div class="fila6">15 - Electrical machines and electrical</div>\r\n                  <div class="fila5">17.747</div>\r\n                  <div class="fila5">20.719</div>\r\n                  <div class="fila5">16,75 </div>\r\n          </div>\r\n                  <div class="filatitle7a"> \r\n                  <div class="fila5">353</div>\r\n                  <div class="fila5">168</div>\r\n                  <div class="fila5">-52,51 </div>\r\n                  </div>\r\n<div class="filatitle7ab2"> \r\n                  <div class="fila5">17.394</div>\r\n                  <div class="fila5">20.551</div>\r\n                  <div class="fila5">96,10</div>\r\n                  <div class="fila5">98,40</div>                  \r\n      </div>                  \r\n<div class="filatitle7">\r\n                  <div class="fila6">16 - Motor vehicles and parts </div>\r\n                  <div class="fila5">8.738</div>\r\n                  <div class="fila5">8.353</div>\r\n                  <div class="fila5">-4,40 </div>\r\n          </div>\r\n                  <div class="filatitle7a"> \r\n                  <div class="fila5">44</div>\r\n                  <div class="fila5">11</div>\r\n                  <div class="fila5">-75,83 </div>\r\n                  </div>\r\n<div class="filatitle7ab2"> \r\n                  <div class="fila5">8.693</div>\r\n                  <div class="fila5">8.342</div>\r\n                  <div class="fila5">98,99  </div>\r\n                  <div class="fila5">99,74 </div>                  \r\n      </div>                  \r\n<div class="filatitle7">\r\n                  <div class="fila6">17 - Other means of transport </div>\r\n                  <div class="fila5">439</div>\r\n                  <div class="fila5">605</div>\r\n                  <div class="fila5">37,92 </div>\r\n          </div>\r\n                  <div class="filatitle7a"> \r\n                  <div class="fila5">12</div>\r\n                  <div class="fila5">50</div>\r\n                  <div class="fila5">316,67 </div>\r\n                  </div>\r\n<div class="filatitle7ab2"> \r\n                  <div class="fila5">427</div>\r\n                  <div class="fila5">555</div>\r\n                  <div class="fila5">94,68 </div>\r\n                  <div class="fila5">84,74 </div>                  \r\n      </div>                  \r\n<div class="filatitle7">\r\n                  <div class="fila6">18 - Furniture </div>\r\n                  <div class="fila5">1.478</div>\r\n                  <div class="fila5">1.907</div>\r\n                  <div class="fila5">28,95 </div>\r\n          </div>\r\n                  <div class="filatitle7a"> \r\n                  <div class="fila5">1.333</div>\r\n                  <div class="fila5">1.309</div>\r\n                  <div class="fila5">-1,79 </div>\r\n                  </div>\r\n<div class="filatitle7ab2"> \r\n                  <div class="fila5">146</div>\r\n                  <div class="fila5">598</div>\r\n                  <div class="fila5">5,19 </div>\r\n                  <div class="fila5">18,59 </div>                  \r\n      </div>                  \r\n<div class="filatitle7">\r\n                  <div class="fila6">19 - Other manufacturing industry </div>\r\n                  <div class="fila5">3.736</div>\r\n                  <div class="fila5">3.11</div>\r\n                  <div class="fila5">-16,75 </div>\r\n          </div>\r\n                  <div class="filatitle7a"> \r\n                  <div class="fila5">684</div>\r\n                  <div class="fila5">1.299</div>\r\n                  <div class="fila5">89,77 </div>\r\n                  </div>\r\n<div class="filatitle7ab2"> \r\n                  <div class="fila5">3.052</div>\r\n                  <div class="fila5">1.812</div>\r\n                  <div class="fila5">69,04  </div>\r\n                  <div class="fila5">41,09  </div>                  \r\n      </div>                  \r\n<div class="filatitle7">\r\n                  <div class="fila6">20 - Energy products </div>\r\n                  <div class="fila5">47</div>\r\n                  <div class="fila5">38</div>\r\n                  <div class="fila5">-18,15 </div>\r\n          </div>\r\n                  <div class="filatitle7a"> \r\n                  <div class="fila5">59</div>\r\n                  <div class="fila5">218</div>\r\n                  <div class="fila5">271,37 </div>\r\n                  </div>\r\n<div class="filatitle7ab2"> \r\n                  <div class="fila5">-12</div>\r\n                  <div class="fila5">-179</div>\r\n                  <div class="fila5">-11,12 </div>\r\n                  <div class="fila5">-70,03 </div>                  \r\n      </div>                  \r\n<div class="filatitle7">\r\n                  <div class="fila6">Total </div>\r\n                  <div class="fila5">162.141</div>\r\n                  <div class="fila5">335.011</div>\r\n                  <div class="fila5">106,62 </div>\r\n          </div>\r\n                  <div class="filatitle7a"> \r\n                  <div class="fila5">542.818</div>\r\n                  <div class="fila5">496.17</div>\r\n                  <div class="fila5">-8,59 </div>\r\n                  </div>\r\n<div class="filatitle7ab2"> \r\n                  <div class="fila5">-380.68</div>\r\n                  <div class="fila5">-161.16</div>\r\n                  <div class="fila5">-54,00  </div>\r\n                  <div class="fila5">-19,39  </div>                  \r\n      </div>                  \r\n                </div>\r\n                \r\n                                \r\n                <br />\r\n<br />\r\n\r\n                <div style=''width: 550px; background: #FFFFFF; margin: 0 auto; padding-top: 5px; height:620px;''>\r\n                <div class="filatitle4"><strong>BALANZA COMERCIAL</strong><br />\r\n<span style="font-size:9px; clear:both;">en millones de US$</span> <br />\r\n<br />\r\n</div>\r\n               \r\n<div class="filatitle12"></div>\r\n                <div class="filatitle11"><strong>1T.08 </strong></div>\r\n                <div class="filatitle11"><strong>2T.08 </strong></div>\r\n                <div class="filatitle11"><strong>3T.08 </strong></div>\r\n                <div class="filatitle11"><strong>4T.08 </strong></div>\r\n                <div class="filatitle11"><strong>2008</strong></div>\r\n                <div class="filatitle11"><strong>1T.09</strong></div>\r\n                <div class="filatitle12"><strong> 1.-EXPORTACIONES</strong></div>\r\n                <div class="filatitle11"><strong>7 771</strong></div>\r\n                <div class="filatitle11"><strong>8 470</strong></div>\r\n                <div class="filatitle11"><strong>8 814</strong></div>\r\n                <div class="filatitle11"><strong>6 474</strong></div>\r\n                <div class="filatitle11"><strong>31 529</strong></div>\r\n                <div class="filatitle11"><strong>5 382</strong></div>\r\n                 <div class="filatitle12">Productos  tradicionales</div>\r\n                <div class="filatitle11">5 951</div>\r\n                <div class="filatitle11">6 562</div>\r\n                <div class="filatitle11">6 729</div>\r\n                <div class="filatitle11">4 555</div>\r\n                <div class="filatitle11">23 796</div>\r\n                <div class="filatitle11">3 916</div>                \r\n                 <div class="filatitle12">Productos  no tradicionales</div>\r\n                <div class="filatitle11">1 792</div>\r\n                <div class="filatitle11">1 862</div>\r\n                <div class="filatitle11">2 007</div>\r\n                <div class="filatitle11">1 881</div>\r\n                <div class="filatitle11">7 543</div>\r\n                <div class="filatitle11">1 437</div>\r\n                <div class="contentrad">\r\n                 <div class="filatitle12"> Otros</div>\r\n                <div class="filatitle11">28</div>\r\n                <div class="filatitle11">46 </div>\r\n                <div class="filatitle11">78 </div>\r\n                <div class="filatitle11">  39 </div>\r\n                <div class="filatitle11">  190 </div>\r\n                <div class="filatitle11">  28 </div>\r\n                </div>\r\n                <div class="contentrad">\r\n                 <div class="filatitle12"><strong>2.  IMPORTACIONES</strong></div>\r\n                <div class="filatitle11"><strong>6 265</strong></div>\r\n                <div class="filatitle11"><strong>7 550</strong></div>\r\n                <div class="filatitle11"><strong>7 976</strong></div>\r\n                <div class="filatitle11"><strong>6 648</strong></div>\r\n                <div class="filatitle11"><strong>28 439</strong></div>\r\n                <div class="filatitle11"><strong>4 882</strong></div>\r\n                </div>\r\n                <div class="contentrad">\r\n                 <div class="filatitle12">Bienes de consumo</div>\r\n                 <div class="filatitle11"> 976  </div>\r\n                 <div class="filatitle11">1 100</div>\r\n                 <div class="filatitle11">1 187</div>\r\n                 <div class="filatitle11"> 1 264  </div>\r\n                 <div class="filatitle11">4 527</div>\r\n                 <div class="filatitle11">929</div>\r\n                </div>\r\n                <div class="contentrad">\r\n                 <div class="filatitle12">Insumos</div>\r\n                <div class="filatitle11">3 438</div>\r\n                <div class="filatitle11">4 026</div>\r\n                <div class="filatitle11">4 157</div>\r\n                <div class="filatitle11">2 933</div>\r\n                <div class="filatitle11">14 553</div>\r\n                <div class="filatitle11">9 072</div>\r\n                </div>\r\n                <div class="contentrad">\r\n                 <div class="filatitle12">Bienes de  capital</div>\r\n                <div class="filatitle11">  1 821</div>\r\n                <div class="filatitle11">  2 395</div>\r\n                <div class="filatitle11">  2 602</div>\r\n                <div class="filatitle11">2 420</div>\r\n                <div class="filatitle11">9 239</div>\r\n                <div class="filatitle11">1 849</div>\r\n                </div>\r\n                 <div class="contentrad">\r\n                 <div class="filatitle12">Otros  bienes</div>\r\n                <div class="filatitle11">30</div>\r\n                <div class="filatitle11">29</div>\r\n                <div class="filatitle11">  31 </div>\r\n                <div class="filatitle11">30 </div>\r\n                <div class="filatitle11">120</div>\r\n                <div class="filatitle11">32</div>\r\n                </div>\r\n                  <div class="contentrad">\r\n                 <div class="filatitle12"><strong>3.  BALANZA  COMERCIAL</strong></div>\r\n                <div class="filatitle11"><strong>1 505</strong></div>\r\n                <div class="filatitle11"><strong>920</strong></div>\r\n                <div class="filatitle11"><strong>838</strong></div>\r\n                <div class="filatitle11"><strong>-173</strong></div>\r\n                <div class="filatitle11"><strong>3 090</strong></div>\r\n                <div class="filatitle11"><strong>499</strong></div>\r\n                </div>\r\n                \r\n                </div>\r\n                                \r\n                \r\n                \r\n                \r\n                \r\n                \r\n                <br />\r\n                <br />\r\n                \r\n                \r\n<div style=''width: 550px; background: #FFFFFF; margin: 0 auto; padding-top: 5px; height:1015px;''>\r\n    <div class="filatitle4">\r\n   		<strong>EXPORTACIONES POR GRUPO DE PRODUCTOS</strong><br />\r\n		<span style="font-size:9px; clear:both;">(Valores FOB en millones de US$)</span> <br /><br />\r\n	</div>\r\n               \r\n<div class="filatitle12"></div>\r\n                <div class="filatitle11"><strong>1T.08 </strong></div>\r\n                <div class="filatitle11"><strong>2T.08 </strong></div>\r\n                <div class="filatitle11"><strong>3T.08 </strong></div>\r\n                <div class="filatitle11"><strong>4T.08 </strong></div>\r\n                <div class="filatitle11"><strong>2008</strong></div>\r\n                <div class="filatitle11"><strong>1T.09</strong></div>\r\n                <div class="filatitle12"><strong> 1.-Productos tradicionales</strong></div>\r\n                <div class="filatitle11"><strong>5 951</strong></div>\r\n                <div class="filatitle11"><strong>6 562</strong></div>\r\n                <div class="filatitle11"><strong>6 729</strong></div>\r\n                <div class="filatitle11"><strong>4 555</strong></div>\r\n                <div class="filatitle11"><strong>23 796</strong></div>\r\n                <div class="filatitle11"><strong>3 916</strong></div>\r\n                 <div class="filatitle12">Pesqueros</div>\r\n                 <div class="filatitle11">460</div>\r\n                 <div class="filatitle11">437</div>\r\n                 <div class="filatitle11">633</div>\r\n                 <div class="filatitle11">261</div>\r\n                 <div class="filatitle11">1 791</div>\r\n                 <div class="filatitle11">410</div>                \r\n                 <div class="filatitle12">Agrícolas</div>\r\n                 <div class="filatitle11">47</div>\r\n                 <div class="filatitle11">95</div>\r\n                 <div class="filatitle11">287</div>\r\n                 <div class="filatitle11">256</div>\r\n                <div class="filatitle11">685</div>\r\n                <div class="filatitle11">61</div>\r\n          <div class="contentrad">\r\n                 <div class="filatitle12"> Mineros</div>\r\n                 <div class="filatitle11">4772</div>\r\n                 <div class="filatitle11">5 178 </div>\r\n                 <div class="filatitle11">5 058 </div>\r\n                 <div class="filatitle11">  3 649</div>\r\n                 <div class="filatitle11">  18 657</div>\r\n                 <div class="filatitle11">  3 136</div>\r\n          </div>\r\n<div class="contentrad">\r\n            <div class="filatitle12"> Petróleo y derivados</div>\r\n                 <div class="filatitle11">672</div>\r\n                 <div class="filatitle11">852 </div>\r\n                 <div class="filatitle11">750 </div>\r\n                 <div class="filatitle11">  388 </div>\r\n                 <div class="filatitle11">  2 663</div>\r\n                 <div class="filatitle11">  309 </div>\r\n          </div>                \r\n                <div class="contentrad">\r\n                 <div class="filatitle12"><strong>2. Productos no tradicionales</strong></div>\r\n                <div class="filatitle11"><strong>1 792</strong></div>\r\n                <div class="filatitle11"><strong>1 862</strong></div>\r\n                <div class="filatitle11"><strong>2 007</strong></div>\r\n                <div class="filatitle11"><strong>1 881</strong></div>\r\n                <div class="filatitle11"><strong>7 543</strong></div>\r\n                <div class="filatitle11"><strong>1 437</strong></div>\r\n                </div>\r\n                <div class="contentrad">\r\n                 <div class="filatitle12">Agropecuarios</div>\r\n                 <div class="filatitle11"> 460  </div>\r\n                 <div class="filatitle11">406</div>\r\n                 <div class="filatitle11">531</div>\r\n                 <div class="filatitle11">515</div>\r\n                 <div class="filatitle11">1 912</div>\r\n                 <div class="filatitle11">412</div>\r\n                </div>\r\n          <div class="contentrad">\r\n                 <div class="filatitle12">Pesqueros</div>\r\n                 <div class="filatitle11">168</div>\r\n                 <div class="filatitle11">157</div>\r\n                 <div class="filatitle11">156</div>\r\n                 <div class="filatitle11">140</div>\r\n                 <div class="filatitle11">622</div>\r\n                 <div class="filatitle11">142</div>\r\n          </div>\r\n                <div class="contentrad">\r\n                 <div class="filatitle12">Textiles</div>\r\n                 <div class="filatitle11">474</div>\r\n                 <div class="filatitle11">514</div>\r\n                 <div class="filatitle11">486</div>\r\n                 <div class="filatitle11">544</div>\r\n                 <div class="filatitle11">2 018</div>\r\n                 <div class="filatitle11">353</div>\r\n          </div>\r\n                 <div class="contentrad">\r\n                 <div class="filatitle12">Maderas y papeles, y sus manufacturas</div>\r\n                 <div class="filatitle11">96</div>\r\n                 <div class="filatitle11">105</div>\r\n                 <div class="filatitle11">  113 </div>\r\n                 <div class="filatitle11">112 </div>\r\n                 <div class="filatitle11">425</div>\r\n                 <div class="filatitle11">74</div>\r\n          </div>\r\n                \r\n<div class="contentrad">\r\n                 <div class="filatitle12">Químicos</div>\r\n                 <div class="filatitle11">231</div>\r\n                 <div class="filatitle11">253</div>\r\n                 <div class="filatitle11">  299 </div>\r\n                 <div class="filatitle11">258 </div>\r\n                 <div class="filatitle11">1 041</div>\r\n                 <div class="filatitle11">208</div>\r\n          </div>\r\n                \r\n<div class="contentrad">\r\n                 <div class="filatitle12">Minerales no metálicos</div>\r\n                 <div class="filatitle11">37</div>\r\n                 <div class="filatitle11">45</div>\r\n                 <div class="filatitle11">  47 </div>\r\n                <div class="filatitle11">46 </div>\r\n                <div class="filatitle11">176</div>\r\n                <div class="filatitle11">32</div>\r\n          </div>\r\n                \r\n<div class="contentrad">\r\n                 <div class="filatitle12">Sidero-metalúrgicos y joyería</div>\r\n                 <div class="filatitle11">233</div>\r\n                 <div class="filatitle11">277</div>\r\n                 <div class="filatitle11">  251 </div>\r\n                 <div class="filatitle11">147 </div>\r\n                 <div class="filatitle11">908</div>\r\n                 <div class="filatitle11">103</div>\r\n          </div>\r\n                \r\n<div class="contentrad">\r\n                 <div class="filatitle12">Metal-mecánicos</div>\r\n                 <div class="filatitle11">67</div>\r\n                 <div class="filatitle11">72</div>\r\n                 <div class="filatitle11">  93 </div>\r\n                <div class="filatitle11">92 </div>\r\n                <div class="filatitle11">324</div>\r\n                <div class="filatitle11">90</div>\r\n          </div>                                                                \r\n           <div class="contentrad">\r\n                 <div class="filatitle12">Otros 1/</div>\r\n                 <div class="filatitle11">26</div>\r\n                 <div class="filatitle11">32</div>\r\n                 <div class="filatitle11">  32 </div>\r\n                 <div class="filatitle11">29 </div>\r\n                 <div class="filatitle11">118</div>\r\n                 <div class="filatitle11">23</div>\r\n          </div>     \r\n                \r\n                \r\n                \r\n                \r\n                \r\n          <div class="contentrad">\r\n            <div class="filatitle12"><strong>3. Otros 2/</strong></div>\r\n                 <div class="filatitle11"><strong>28</strong></div>\r\n                 <div class="filatitle11"><strong>46</strong></div>\r\n                 <div class="filatitle11"><strong>78</strong></div>\r\n                <div class="filatitle11"><strong>39</strong></div>\r\n                <div class="filatitle11"><strong>190</strong></div>\r\n            <div class="filatitle11"><strong>28</strong></div>\r\n                </div>\r\n                \r\n<div class="contentrad">\r\n                 <div class="filatitle12"><strong>4. Total exportaciones</strong></div>\r\n                 <div class="filatitle11"><strong>7 771</strong></div>\r\n                 <div class="filatitle11"><strong>8 470</strong></div>\r\n                 <div class="filatitle11"><strong>8 814</strong></div>\r\n                 <div class="filatitle11"><strong>6 474</strong></div>\r\n                 <div class="filatitle11"><strong>31 529</strong></div>\r\n                 <div class="filatitle11"><strong>5 382</strong></div>\r\n          </div>                \r\n                \r\n                </div>                \r\n\r\n                <br />\r\n                <p style="font-size:9px; text-align:justify;"><br />\r\n                  Nota:  Las exportaciones no tradicionales de maderas y papeles, y sus manufacturas, para loa años 1980 a 1984 son incluidas en otros productos no tradicionales.<br />\r\n          Las exportaciones no tradicionales de sidero-metalúrgicos y joyería, para los años 1980 a 1984 no incluye los productos de joyería, los que son incluidos en otros productos no tradicionales.   <br />\r\n1/  Las exportaciones no tradicionales, otros, para los años 1980 a 1984 incluye artículos de joyería de oro y plata, maderas y papeles.  Para los años siguientes incluye pieles y cueros y artesanías, principalmente. <br />\r\n2/  Comprende la venta de combustibles y alimentos a naves extranjeras y la reparación de bienes de capital.<br /><br />\r\n 	 \r\nFuente:  BCRP, SUNAT y empresas. 	 \r\n\r\n                <br />\r\n                <br />\r\n                </p>\r\n                \r\n                <div style=''width: 550px; background: #FFFFFF; margin: 0 auto; padding-top: 5px; height:855px;''>\r\n                  <div class="filatitle4">\r\n                    <strong>IMPORTACIONES  SEGÚN USO O DESTINO ECONOMICO</strong><br />\r\n<span style="font-size:9px">(valor fob en millones de US$)</span>\r\n                  </div>\r\n                  <div class="filatitle12"></div>\r\n                  <div class="filatitle11"><strong>1T.08</strong></div>\r\n                  <div class="filatitle11"><strong>2T.08 </strong></div>\r\n                  <div class="filatitle11"><strong>3T.08 </strong></div>\r\n                  <div class="filatitle11"><strong>4T.08</strong></div>\r\n                  <div class="filatitle11"><strong>2008</strong></div>\r\n                  <div class="filatitle11"><strong>1T.09</strong></div>\r\n                  \r\n                  <div class="filatitle12"><strong> 1.- Bienes de consumo</strong></div>\r\n                  <div class="filatitle11"><strong>976</strong></div>\r\n                  <div class="filatitle11"><strong>1 100</strong></div>\r\n                  <div class="filatitle11"><strong>1 187</strong></div>\r\n                  <div class="filatitle11"><strong>1 264</strong></div>\r\n                  <div class="filatitle11"><strong>4 527</strong></div>\r\n                  <div class="filatitle11"><strong>929</strong></div>                  \r\n                  <div class="filatitle12">No duraderos</div>\r\n                  <div class="filatitle11">549 </div>\r\n                  <div class="filatitle11">568</div>\r\n                  <div class="filatitle11">591</div>\r\n                  <div class="filatitle11"> 627 </div>\r\n                  <div class="filatitle11">2 335</div>\r\n                  <div class="filatitle11">522</div>             \r\n                  \r\n                  <div class="filatitle12">Duraderos</div>\r\n                  <div class="filatitle11">427</div>\r\n                  <div class="filatitle11">532</div>\r\n                  <div class="filatitle11">596</div>\r\n                  <div class="filatitle11">637</div>\r\n                  <div class="filatitle11">2 192</div>\r\n                  <div class="filatitle11">508</div>\r\n                  <div class="contentrad">\r\n                    <div class="filatitle12"><strong>2. Insumos</strong></div>\r\n                    <div class="filatitle11"><strong>3 438</strong></div>\r\n                    <div class="filatitle11"><strong>4 026</strong></div>\r\n                    <div class="filatitle11"><strong>4 157</strong></div>\r\n                    <div class="filatitle11"><strong>2 933</strong></div>\r\n                    <div class="filatitle11"><strong>14 553</strong></div>\r\n                    <div class="filatitle11"><strong>2 072</strong></div>\r\n                  </div>\r\n                  <div class="contentrad">\r\n                    <div class="filatitle12">Combustibles, lubricantes y conexos</div>\r\n                    <div class="filatitle11">1 324</div>\r\n                    <div class="filatitle11">1 624</div>\r\n                    <div class="filatitle11">1 471</div>\r\n                    <div class="filatitle11">796</div>\r\n                    <div class="filatitle11">5 215</div>\r\n                    <div class="filatitle11">447</div>\r\n                  </div>\r\n                  <div class="contentrad">\r\n                    <div class="filatitle12">Materias primas para la argicultura</div>\r\n                    <div class="filatitle11">198</div>\r\n                    <div class="filatitle11">269</div>\r\n                    <div class="filatitle11">256</div>\r\n                    <div class="filatitle11">159</div>\r\n                    <div class="filatitle11">881</div>\r\n                    <div class="filatitle11">167</div>\r\n                  </div>\r\n                  <div class="contentrad">\r\n                    <div class="filatitle12">Materias primas para la industria</div>\r\n                    <div class="filatitle11">1 916</div>\r\n                    <div class="filatitle11">2 133</div>\r\n                    <div class="filatitle11">2 430</div>\r\n                    <div class="filatitle11">1 978</div>\r\n                    <div class="filatitle11">8 457</div>\r\n                    <div class="filatitle11">1 458</div>\r\n                  </div>\r\n                  <div class="contentrad">\r\n                    <div class="filatitle12"><strong>3. Bienes de Capital</strong></div>\r\n                    <div class="filatitle11"><strong>1 821</strong></div>\r\n                    <div class="filatitle11"><strong>2 395</strong></div>\r\n                    <div class="filatitle11"><strong>2 602</strong></div>\r\n                    <div class="filatitle11"><strong>2 420</strong></div>\r\n                    <div class="filatitle11"><strong>9 239</strong></div>\r\n                    <div class="filatitle11"><strong>1 849</strong></div>\r\n                  </div>\r\n                  <div class="contentrad">\r\n                    <div class="filatitle12">Materiales de construcción</div>\r\n                    <div class="filatitle11">259</div>\r\n                    <div class="filatitle11">312</div>\r\n                    <div class="filatitle11">416</div>\r\n                    <div class="filatitle11">318</div>\r\n                    <div class="filatitle11">1 305</div>\r\n                    <div class="filatitle11">272</div>\r\n                  </div>\r\n                  <div class="contentrad">\r\n                    <div class="filatitle12">Para la agricultura</div>\r\n                    <div class="filatitle11">15</div>\r\n                    <div class="filatitle11">25</div>\r\n                    <div class="filatitle11">27</div>\r\n                    <div class="filatitle11">23</div>\r\n                    <div class="filatitle11">91</div>\r\n                    <div class="filatitle11">23</div>\r\n                  </div>\r\n                  <div class="contentrad">\r\n                    <div class="filatitle12">Para la industria</div>\r\n                    <div class="filatitle11">1 140</div>\r\n                    <div class="filatitle11">1 546</div>\r\n                    <div class="filatitle11">1 570</div>\r\n                    <div class="filatitle11">1 514</div>\r\n                    <div class="filatitle11">5 770</div>\r\n                    <div class="filatitle11">1 212</div>                    \r\n                  </div>\r\n                  <div class="contentrad">\r\n                    <div class="filatitle12">Equipos de transporte</div>\r\n                    <div class="filatitle11">407</div>\r\n                    <div class="filatitle11">513</div>\r\n                    <div class="filatitle11">588</div>\r\n                    <div class="filatitle11">565</div>\r\n                    <div class="filatitle11">2 073</div>\r\n                    <div class="filatitle11">341</div>                    \r\n                  </div>\r\n                  <div class="contentrad">\r\n                    <div class="filatitle12"><strong>4. Otros bienes 1/</strong></div>\r\n                    <div class="filatitle11"><strong>30</strong></div>\r\n                    <div class="filatitle11"><strong>29</strong></div>\r\n                    <div class="filatitle11"><strong>31</strong></div>\r\n                    <div class="filatitle11"><strong>30</strong></div>\r\n                    <div class="filatitle11"><strong>120</strong></div>\r\n                    <div class="filatitle11"><strong>32</strong></div>                    \r\n                  </div>\r\n                  <div class="contentrad">\r\n                    <div class="filatitle12"><strong>5. <u>TOTAL IMPORTACIONES</u></strong></div>\r\n                    <div class="filatitle11"><strong><u>6 265</u></strong></div>\r\n                    <div class="filatitle11"><strong><u>7 550</u></strong></div>\r\n                    <div class="filatitle11"><strong><u>7 976</u></strong></div>\r\n                    <div class="filatitle11"><strong><u>6 648</u></strong></div>\r\n                    <div class="filatitle11"><strong><u>28 439</u></strong></div>\r\n                    <div class="filatitle11"><strong><u>4 882</u></strong></div>                    \r\n                  </div>\r\n                </div>\r\n                <br />\r\n                <p style="font-size:9px; clear:both;">1/ Comprende la donación de bienes,  la compra de combustibles y alimentos de naves peruanas y la reparación de bienes de capital en el exterior así como los demás bienes no considerados según el clasificador utilizado.<br />\r\nFuente:  BCRP, SUNAT, Zofratacna, Banco de la Nación y empresas.<br />\r\nElaboración:  Gerencia Central de Estudios Económicos.</p> ');
INSERT INTO `com_datos_ec` VALUES (2, 'Italia 2009', '<p class="titular">DATOS ECONÓMICOS</p>\r\n                <h2>Balance Económico Nacional de Italia<br />\r\n				<span style="font-size:9px">(variaciones % anuales valores concatenados- año 2000) </span>                </h2>\r\n                <div class="table4">\r\n                  <div class="filatitle12"><strong>Variables</strong></div>\r\n                  <div class="filatitle11"><strong>2004</strong></div>\r\n                  <div class="filatitle11"><strong>2005</strong></div>\r\n                  <div class="filatitle11"><strong>2006</strong></div>\r\n                  <div class="filatitle11"><strong>2007</strong></div>\r\n                  <div class="filatitle11"><strong>2008</strong> (*)</div>\r\n                  \r\n                  \r\n                  <div class="contentrad">\r\n                    <div class="filatitle12">PIB</div>\r\n                    <div class="filatitle11">1,5</div>\r\n                    <div class="filatitle11">0,6</div>\r\n                    <div class="filatitle11">1,8</div>\r\n                    <div class="filatitle11">1,5</div>\r\n                    <div class="filatitle11">-0,6a</div>\r\n                  </div>\r\n                  <div class="contentrad">\r\n                    <div class="filatitle12">Importaciones</div>\r\n                    <div class="filatitle11">4,2</div>\r\n                    <div class="filatitle11">2,2</div>\r\n                    <div class="filatitle11">5,9</div>\r\n                    <div class="filatitle11">4,4</div>\r\n                    <div class="filatitle11">8,1</div>\r\n                  </div>\r\n                  <div class="contentrad">\r\n                    <div class="filatitle12">Exportaciones</div>\r\n                    <div class="filatitle11">4,9</div>\r\n                    <div class="filatitle11">1,0</div>\r\n                    <div class="filatitle11">6,2</div>\r\n                    <div class="filatitle11">5,0</div>\r\n                    <div class="filatitle11">5,9</div>\r\n                  </div>\r\n                  <p>&nbsp;</p>\r\n                  <p>&nbsp;</p>\r\n                  <div class="contentrad">\r\n                    <div class="filatitle12">Gasto de las familias residentes</div>\r\n                    <div class="filatitle11">0,7</div>\r\n                    <div class="filatitle11">0,9</div>\r\n                    <div class="filatitle11">1,1</div>\r\n                    <div class="filatitle11">1,4</div>\r\n                    <div class="filatitle11">4,3</div>\r\n                  </div>\r\n                  <div class="contentrad">\r\n                    <div class="filatitle12">Consumo nacional</div>\r\n                    <div class="filatitle11">1,1</div>\r\n                    <div class="filatitle11">1,2</div>\r\n                    <div class="filatitle11">1,0</div>\r\n                    <div class="filatitle11">1,4</div>\r\n                    <div class="filatitle11">4,0</div>\r\n                  </div>\r\n                  <div class="contentrad">\r\n                    <div class="filatitle12">Inversiones Fijas Brutas</div>\r\n                    <div class="filatitle11">2,3</div>\r\n                    <div class="filatitle11">0,7</div>\r\n                    <div class="filatitle11">2,5</div>\r\n                    <div class="filatitle11">1,2</div>\r\n                    <div class="filatitle11">3,4</div>\r\n                  </div>\r\n                  <div class="contentrad">\r\n                    <div class="filatitle12b">Precios al consumo (var % 1995 = 100) incluidos los tabacos</div>\r\n                    <div class="filatitle11">2,2</div>\r\n                    <div class="filatitle11">1,9</div>\r\n                    <div class="filatitle11">2,1</div>\r\n                    <div class="filatitle11">1,8</div>\r\n                    <div class="filatitle11">3,3b</div>\r\n                  </div>\r\n					<div class="contentrad">\r\n                    <div class="filatitle12b">Balance de pago en cuenta corriente (miles millones de euro)</div>\r\n                    <div class="filatitle11">-13,1</div>\r\n                    <div class="filatitle11">-23,6</div>\r\n                    <div class="filatitle11">-38,5</div>\r\n                    <div class="filatitle11">-37,4</div>\r\n                    <div class="filatitle11">-7,7</div>\r\n                  </div>      \r\n                  <div class="contentrad">\r\n                    <div class="filatitle12">Endeudamiento neto PA (in % del PIL)</div>\r\n                    <div class="filatitle11">3,5</div>\r\n                    <div class="filatitle11">-4,2c</div>\r\n                    <div class="filatitle11">-3,4c</div>\r\n                    <div class="filatitle11">-1,9d</div>\r\n                    <div class="filatitle11">2,1</div>\r\n                  </div>\r\n                  \r\n                  <div class="contentrad">\r\n                    <div class="filatitle12">Débito público (in % PIL)</div>\r\n                    <div class="filatitle11">103,8</div>\r\n                    <div class="filatitle11">105,8</div>\r\n                    <div class="filatitle11">106,5</div>\r\n                    <div class="filatitle11">104,0</div>\r\n                    <div class="filatitle11">105,0c</div>\r\n                  </div>                  \r\n                  \r\n                </div>\r\n                \r\n                <p style="font-size:9px">\r\n<br />\r\n(*): Variaciones porcentuales del III trimestre del 2008 en comparación al III trimestre del 2007<br />\r\nPA: Púbblica Amministración<br />\r\n(a): Dato del Ministero degli Affari Esteri. Actualizado al 23-12-2008<br />\r\n(b): Datos actualizados a Diciembre del 2008<br />\r\n(c): Datos semidefinitivos<br />\r\n(d): Datos provisionales<br />\r\nFuente: Istat; Banca D’Italia.\r\n                \r\n                </p>\r\n                <p class="titular">Comercio Exterior por Sectores</p>\r\n                <p>Según las estimaciones italiano SACE las exportaciones italianas siguieron creciendo en el 2008, pero con ritmos inferiores que en el bienio 2006-2007, en lo cual se han logrado buenos resultados. La desaceleración se ha producido de manera diferente en los distintos sectores. Los sectores que seguirán registrando resultados positivos son los de la tecnología y del "Made in Italy" tradicional, la mecánica instrumental, los medios de transporte, el agro-alimentar, la electrónica y la química, mientras el que será más afectado por la crisis es el sector de los metales.</p>\r\n                <p>Las estadísticas dicen que sigue habiendo un crecimiento de las inversiones italianas en el extranjero. Un elemento positivo es, de hecho, la creciente internacionalización de varias empresas italianas, que actualmente son 200 mil las que se dedican a la exportación, sobre un total de cerca 6 millones de empresas.</p>\r\n                \r\n                <p>Las previsiones para el 2009, sin embargo, no son muy positivas. El comercio se reducirá por debajo del 5% en el 2009, las exportaciones italianas, alrededor del 5,9% en el 2008, se reducirán de 4,3% durante el 2009, recuperando en el 2010.</p>\r\n                <p>Se reducirá, también,  la cuota de mercado de Italia en las exportaciones mundiales en el período 2008-2012, a excepción de los destinos en los mercados emergentes. Se prevé que la disminución mayor se produzca en el área asiática (30%) y en América del Norte, incluyendo México. Las exportaciones italianas de bienes y servicios en valor, sin embargo, crecerán en los países BRIC - Brasil, Rusia, India y China - así como en Rumanía y Turquía.</p>\r\n                \r\n                <p>En octubre del 2008, el saldo comercial de Italia con los países de la UE fue positivo de 291 millones de euros, aunque disminuí en comparación con el 2007 (pasó del 6% en el 2007 al 2% en los ocho primeros meses del 2008). Tuvieron un crecimiento las exportaciones a países del norte de África que han aumentado del 21% en el 2007 al 35% en el 2008.</p>\r\n                \r\n                <p>En general, la tendencia es ligeramente positiva para las importaciones y negativa para las exportaciones.</p>\r\n                \r\n                <h2>Inversiones italianas al extranjero </h2>\r\n                \r\n                <p>Las señales para las inversiones italianas en el extranjero (IDE) son de crecimiento, después que casi se duplicaron en el 2007 y superaron los 65 mil millones de euro. </p>\r\n                \r\n                <p>Esto llega por el aumento de la presencia italiana en los mercados internacionales, principalmente en la UE, que se confirma la zona de más afluencia de las inversiones italianas; en Europa del Este y recientemente en Asia. </p>\r\n                \r\n                <h2>Productividad </h2>\r\n                \r\n                <p>La productividad nacional por empleado - históricamente similar a la de Francia y Alemania – ha visto nuestro país perdiendo plazas en el período 2001-2005, en el confronto europeo, con una recuperación en el bienio 2006-2007. El bajo crecimiento del PIB ha sido acompañado por una profunda transformación del tejido productivo y ha sido absorbido plenamente por la expansión del empleo.<br />\r\n                  En cuanto a la producción industrial, la crisis ha dado lugar a reducciones importantes en los valores de los últimos meses del año. Particularmente en noviembre de 2008 hubo una contracción del 12,3% en base anual y del 3,6% en los once primeros meses del 2008.</p><p>\r\n                  El sector que se encuentra en mayores dificultades es lo de automóviles que perdió el 46,4% con respecto al año anterior. En los primeros 11 meses, la disminución fue del 16,8%. </p>\r\n                <h2>Empleo </h2>\r\n                <p>ISTAT registró para el 2008 un crecimiento del desempleo y una desaceleración en el ritmo de crecimiento del empleo. </p>\r\n                <p>Sin embargo, en el tercer trimestre del 2008, la oferta de trabajo creció un 0,9 por ciento (+228.000 unidades) en comparación con el mismo período del año pasado. <br />\r\n                  Asimismo, el número de empleados es de 23.518.000 unidades, con un aumento sobre una base anual del 0,4 por ciento, en desaceleración respecto al pasado reciente, y que se atribuye en gran medida a un número cada vez mayor de extranjeros. <br />\r\n                La tasa de empleo de la población entre 15 y 64 años ha disminuido en comparación con el 2007, alcanzando el 59,0 por ciento, mientras que en el 2007, fue del 62,5, lo que confirma Italia entre los últimos lugares en la clasificación europea. En el tercer trimestre del 2008, el número de solicitantes de empleo registró el tercer crecimiento tendencial, mientras que en el período 1998-2007 se redujo en 5,3 puntos porcentuales.</p>\r\n                <p>Permanece el problema de la mano de obra ilegal, especialmente en el Sur, donde casi uno de cada 5 trabajadores puede considerarse como tal.                </p>\r\n                   <div class="sectoractivity">OCUPADO POR SECTOR ACTIVIDAD\r\n                Años 1995-2007,<br /> \r\n                valores en porcentaje          </div>\r\n             \r\n                <h2 style="display:block; clear:both;">Inflación</h2>\r\n                <p>En octubre del 2008 la inflación fue del 3,5%. Los aumentos más significativos fueron en la educación, la vivienda, el agua, la electricidad y los combustibles. En menor medida, los vestidos y el calzado.<br />\r\n                  <br />\r\n                  Los últimos datos disponibles se remontan a diciembre del 2008 muestra una disminución en comparación con los meses anteriores, registrando una inflación del 2,2%. <br />\r\n                  En el 2009 la inflación al consumo disminuiría al 1, 1 por ciento, para volver al 1, 4 en 2010, reflejando principalmente la caída de los precios de las materias primas en la segunda mitad del 2008 y la hipótesis de una recuperación moderada en los dos años siguientes.</p>\r\n                <h2>Moneda y tipos de cambio</h2>\r\n                <p>En los últimos meses del 2008, el euro se ha depreciado en la mayoría de las principales monedas en un contexto de significativo aumento de la volatilidad. El 30 de septiembre, el tipo de cambio efectivo de la moneda única fue inferior en alrededor del 4 por ciento a nivel del final de junio, aunque quedándose superior en alrededor de 3,4 por ciento del promedio del 2007. El debilitamiento de la moneda, observado en los últimos tres meses se debe a la general y sustancial depreciación del tipo de cambio nominal entre el Jefe del yen japonés, el renminbi chino y el dólar de los EE.UU..                </p>\r\n                <h2>Las finanzas públicas</h2>\r\n                <p>La deuda pública ha seguido manteniendo valores bastante altos en los últimos años, y de acuerdo con las estimaciones para el 2008 llegará a 105 puntos porcentuales en proporción del PIB. Cifras muy alejadas de muchos otros países de la UE, que reclama el ajuste de Italia a los parámetros europeos.</p>\r\n                \r\n                <div class="sectoractivity2">DEUDA PÚBLICA\r\n                Años <br />\r\n                1995-2007, incidencia en porcentaje sobre el PIB                </div>\r\n                <h2 style="display:block; clear:both;">Unión Europea</h2>\r\n                <p>La integración europea ha proporcionado medio siglo de estabilidad, paz y prosperidad económica. Ha contribuido a elevar el nivel de vida, a construir un mercado interior, a introducir el euro y a afirmar la voz de la Unión en el mundo. La Unión Europea (UE) fue creada tras la Segunda Guerra Mundial. El proceso de integración se puso en marcha el 9 de mayo de 1950, cuando Francia propuso oficialmente crear &quot;el primer cimiento concreto para una federación europea&quot;. Seis países (Bélgica, Alemania, Francia, Italia, Luxemburgo y los Países Bajos) se integraron en el principio. <br />\r\n                Seguí una serie de adhesiones:</p>\r\n                <ul>\r\n                  <li>1973: Danimarca, Irlanda e Regno Unito; </li>\r\n                  <li>1981: Grecia; </li>\r\n                  <li>1986: Spagna e Portogallo; </li>\r\n                  <li>1995: Austria, Finlandia e Svezia; </li>\r\n                  <li>2004: Polonia, Repubblica Ceca, Slovacchia, Ungheria, Estonia, Lettonia, Lituania, Slovenia Cipro e Malta;</li>\r\n                  <li>2007: Bulgaria e Romania.</li>\r\n                </ul>\r\n                <p>La Unión Europea está composta actualmente por 27 Estados miembros y han empezado a partir de 2005, las negociaciones para la adhesión de Turquía y Croacia. A partir del 1 de enero de 2002, además, ha sido adoptado como la moneda única, el euro, que se utiliza en 16 de los 27 países pertenecientes a la Unión Europea.<br />\r\n                  <br />\r\n                  La UE se basa en el Estado de Derecho y en la democracia. No es ni un nuevo Estado que reemplaza a los existentes ni es comparable a otras organizaciones internacionales. Sus Estados miembros delegan su soberanía a las instituciones comunes que representan los intereses de la Unión en su conjunto las cuestiones de interés. Todas las decisiones y procedimientos se derivan de los tratados fundamentales ratificados por los Estados miembros.<br />\r\n                </p>\r\n                <h3>Los objetivos principales de la Unión son: <br />\r\n                  <br />\r\n                </h3>\r\n                <ul>\r\n                  <li>Instituir una ciudadanía europea (Derechos fundamentales; Libre circulación; Derechos civiles y políticos); </li>\r\n                  <li>Garantizar la libertad, la seguridad y la justicia (Cooperación en el ámbito de Justicia e Interior); </li>\r\n                  <li>Fomentar el progreso económico y social (el Mercado  Único; el Euro, la moneda común; Creación de empleo; Desarrollo regional; Protección del medio ambiente);</li>\r\n                  <li>Afirmar el papel de Europa en el mundo (Seguridad Exterior Común; La Unión Europea en el mundo). </li>\r\n                </ul>\r\n                <h3>El funcionamiento de la UE se basa en el principio del Estado de Derecho, por cinco instituciones, que desempeñan cada una de ellas un papel específico: <br />\r\n                  <br />\r\n                </h3>\r\n                <ul>\r\n                  <li>Parlamento Europeo (elegido por los ciudadanos de los Estados miembros);</li>\r\n                  <li>Consejo de la Unión Europea (poder legislativo, constituido por los representantes del Gobierno de los Estados miembros) y el Consejo Europeo (órgano de impulso de las políticas);</li>\r\n                  <li>Comisión Europea (poder ejecutivo); </li>\r\n                  <li>Tribunal de Justicia (garantiza el cumplimiento del Derecho comunitario);</li>\r\n                  <li>Tribunal de Cuentas (se asegura de la correcta gestión financiera  del presupuesto de la UE). </li>\r\n                </ul>\r\n                <p>También forman parte de la Unión Europea otros cinco organismos: </p>\r\n                <ul>\r\n                  <li>Comité Económico y Social Europeo (expresa las opiniones de la sociedad civil organizada sobre cuestiones económicas y sociales); </li>\r\n                  <li>Comité de las Regiones (expresa las opiniones de las autoridades regionales y locales sobre política regional, medio ambiente, educación, etc.); </li>\r\n                  <li>Defensor del Pueblo europeo (trata denuncias de los ciudadanos referentes a la mala gestión de una institución u organismo de la UE); </li>\r\n                  <li>Banco Europeo de Inversiones (contribuye a los objetivos de la UE financiando inversiones públicas y privadas a largo plazo); </li>\r\n                  <li>Banco Central Europeo (responsable de las operaciones de política monetaria y de divisas).</li>\r\n                  <li>Varias agencias y organismos completan el sistema. </li>\r\n                </ul>');

-- --------------------------------------------------------

-- 
-- Estructura de tabla para la tabla `com_sector`
-- 

CREATE TABLE `com_sector` (
  `id` int(11) NOT NULL auto_increment,
  `v_sector` varchar(250) collate utf8_spanish_ci NOT NULL,
  PRIMARY KEY  (`id`)
) ENGINE=MyISAM  DEFAULT CHARSET=utf8 COLLATE=utf8_spanish_ci AUTO_INCREMENT=44 ;

-- 
-- Volcar la base de datos para la tabla `com_sector`
-- 

INSERT INTO `com_sector` VALUES (1, 'Agencia de Carga Internacional');
INSERT INTO `com_sector` VALUES (2, 'Agencia de Empleos');
INSERT INTO `com_sector` VALUES (3, 'Agencia de Viajes');
INSERT INTO `com_sector` VALUES (4, 'Agroindustria');
INSERT INTO `com_sector` VALUES (5, 'Agroquimicos');
INSERT INTO `com_sector` VALUES (6, 'Aire Acondicionado');
INSERT INTO `com_sector` VALUES (7, 'Alimentos y Afines');
INSERT INTO `com_sector` VALUES (8, 'Artesania');
INSERT INTO `com_sector` VALUES (9, 'Asesoria Empresarial');
INSERT INTO `com_sector` VALUES (10, 'Automotriz');
INSERT INTO `com_sector` VALUES (11, 'Bancos y Servicios Financieros');
INSERT INTO `com_sector` VALUES (12, 'Cámara de Comercio');
INSERT INTO `com_sector` VALUES (13, 'Catering y Equipamiento');
INSERT INTO `com_sector` VALUES (14, 'Comercio Exterior');
INSERT INTO `com_sector` VALUES (15, 'Construcción');
INSERT INTO `com_sector` VALUES (16, 'Corretaje - Asesoria Inmobiliaria');
INSERT INTO `com_sector` VALUES (17, 'Editores');
INSERT INTO `com_sector` VALUES (18, 'Educación y Enseñanza');
INSERT INTO `com_sector` VALUES (19, 'Energía');
INSERT INTO `com_sector` VALUES (20, 'Explosivos');
INSERT INTO `com_sector` VALUES (21, 'Heladería');
INSERT INTO `com_sector` VALUES (22, 'Hoteles');
INSERT INTO `com_sector` VALUES (23, 'Industria Farmacéutica');
INSERT INTO `com_sector` VALUES (24, 'Industria Petrolera');
INSERT INTO `com_sector` VALUES (25, 'Joyería');
INSERT INTO `com_sector` VALUES (26, 'Líneas Aéreas');
INSERT INTO `com_sector` VALUES (27, 'Madera');
INSERT INTO `com_sector` VALUES (28, 'Maquinaria');
INSERT INTO `com_sector` VALUES (29, 'Metalmecánica');
INSERT INTO `com_sector` VALUES (30, 'Productos Químicos');
INSERT INTO `com_sector` VALUES (31, 'Publicidad');
INSERT INTO `com_sector` VALUES (32, 'Restaurantes');
INSERT INTO `com_sector` VALUES (33, 'Salud/Medicina');
INSERT INTO `com_sector` VALUES (34, 'Saneamiento');
INSERT INTO `com_sector` VALUES (35, 'Seguridad');
INSERT INTO `com_sector` VALUES (36, 'Seguros');
INSERT INTO `com_sector` VALUES (38, 'Servicios Legales');
INSERT INTO `com_sector` VALUES (39, 'Sistema Eléctrico Industrial');
INSERT INTO `com_sector` VALUES (40, 'Tecnología e Informática');
INSERT INTO `com_sector` VALUES (41, 'Textil');
INSERT INTO `com_sector` VALUES (42, 'Varios');
INSERT INTO `com_sector` VALUES (43, 'Vitivinicola');

-- --------------------------------------------------------

-- 
-- Estructura de tabla para la tabla `com_socios`
-- 

CREATE TABLE `com_socios` (
  `id` int(11) NOT NULL auto_increment,
  `v_socio` varchar(250) collate utf8_spanish_ci NOT NULL,
  `v_detalle` text collate utf8_spanish_ci NOT NULL,
  `id_sector` int(11) NOT NULL,
  PRIMARY KEY  (`id`)
) ENGINE=MyISAM  DEFAULT CHARSET=utf8 COLLATE=utf8_spanish_ci AUTO_INCREMENT=113 ;

-- 
-- Volcar la base de datos para la tabla `com_socios`
-- 

INSERT INTO `com_socios` VALUES (1, 'Cargo Compass Perú S.A.C.', 'Dirección: Calle Las Camelias 406 - Lima 27<br />\r\nTeléfono: (++51)-1- 2216688<br />\r\nE-mail: <a href="mailto:mcaycho@cargocompassperu.com">mcaycho@cargocompassperu.com</a> <br/>', 1);
INSERT INTO `com_socios` VALUES (2, 'Gava Perú S.A.C.', 'Dirección: Cal. Bolívar 472 Of. 203 - Lima 18<br />\r\nTeléfono: (++51)-1- 4476666<br />\r\nE-mail: <a href=''mailto:cirofusco@gavagroup.com''>cirofusco@gavagroup.com</a> <br />', 1);
INSERT INTO `com_socios` VALUES (3, 'GFL Service Perú S.A.C.', 'Dirección: Calle Diez Canseco 150 Of. 502 - Lima 18<br />\r\nTeléfono: (++51)-1- 4443888 / 2436969<br />\r\nE-mail: <a href = ''gcappelleti@gflservice.com.pe'' >gcappelleti@gflservice.com.pe</a> <br/>\r\n  ', 1);
INSERT INTO `com_socios` VALUES (4, 'Savino del Bene Perú S.A.C.', 'Dirección: Cl. Grau 273 Of. 501 - Lima 18 <br />\r\nTeléfono: (++51)-1- 4443444 <br />\r\nE-mail: <a href=''j.ariasch@sdbperu.com''>j.ariasch@sdbperu.com</a> <br />\r\n', 1);
INSERT INTO `com_socios` VALUES (5, 'Obiettivo Lavoro Los Andes S.A.C.', 'Dirección: Pasaje Tello 162 Of. 201 - Lima 18 <br />\r\nTeléfono: (++51)-1- 2427537 / 4456537 <br />\r\nE-mail: <a href=''lima@obiettivolavoro.pe''>lima@obiettivolavoro.pe</a> <br />\r\n', 2);
INSERT INTO `com_socios` VALUES (6, 'New York Tours S.A.', 'Dirección: Shell 343 Of. 503 - Lima 18 <br />\r\nTeléfono: (++51)-1- 4443011 / 4443012 / 4443013 / 4443122 <br />\r\nE-mail: <a href=''newyorktours@ny-tours.com''>newyorktours@ny-tours.com</a> <a href=''ricardo@ny-tours.com''>ricardo@ny-tours.com</a>\r\n<a href=''david@ny-tours.com''>david@ny-tours.com</a> <br />', 3);
INSERT INTO `com_socios` VALUES (7, 'Alessandro Macchi di Bricherasio', 'Dirección: Calle Bejar 191 Urb.Camino Real Camacho - Lima 12 <br />\r\nTeléfono: (++51)-1- 7266657 <br />\r\nE-mail: <a href=''alemaccdb@virgilio.it''>alemaccdb@virgilio.it</a> <br />', 4);
INSERT INTO `com_socios` VALUES (8, 'Romero Trading S.A.', 'Dirección: Av. Nicolas Arriola 740 - Lima 13 <br />\r\nTeléfono: (++51)-1- 5135353 <br /> \r\nE-mail: <a href=''mailto:ffromero@gromero.com.pe''>ffromero@gromero.com.pe</a> <br />', 4);
INSERT INTO `com_socios` VALUES (9, 'Sociedad Agrícola Virú S.A.', 'Dirección: Pardo y Aliaga 699 Of. 303-A - Lima 27 <br />\r\nTeléfono: (++51)-1- 2215154 <br />\r\nE-mail: <a href=''viru@viru.com.pe''> viru@viru.com.pe</a> <br />', 4);
INSERT INTO `com_socios` VALUES (10, 'Sociedad Anónima Fausto Piaggio', 'Dirección: Av. Argentina N° 4792 - Callao 01 <br />\r\nTeléfono: (++51)-1- 4642222 <br />\r\nE-mail: <a href=''mailto:elay@safp.biz''>elay@safp.biz</a> <br />', 5);
INSERT INTO `com_socios` VALUES (11, 'Cold Import S.A.', 'Dirección: Av. Angamos Oeste 686 - Lima 18 <br />\r\nTeléfono: (++51)-1- 2419000 <br />\r\nE-mail: <a href=''correo@coldimport.com.pe''>correo@coldimport.com.pe</a> <br />', 6);
INSERT INTO `com_socios` VALUES (12, 'Alicorp S.A.A.', 'Dirección: Av. Argentina 4793 Carmen de la Legua - Callao 03 <br />\r\nTeléfono: (++51)-1- 3150800 <br />\r\nE-mail: \r\n<a href=''mailto:\r\npsacchi@alicorp.com.pe''>psacchi@alicorp.com.pe</a> <br />', 7);
INSERT INTO `com_socios` VALUES (13, 'Azafrec S.A.C.', 'Dirección: Av. La Paz 278 Int. 304 - Lima 18 <br />\r\nTeléfono: (++51)-1- 4460504 <br />\r\nE-mail: \r\n<a href=''mailto:azafrec@gmail.com''>azafrec@gmail.com</a> <br />', 7);
INSERT INTO `com_socios` VALUES (14, 'Cogorno S.A.', 'Dirección: Av. Venezuela 120 La Perla - Callao 04 <br />\r\nTeléfono: (++51)-1- 4207680 / 4208383 <br />\r\nE-mail: \r\n<a href=''mailto:aborasino@cogorno.com.pe''>aborasino@cogorno.com.pe</a> <br />', 7);
INSERT INTO `com_socios` VALUES (15, 'Gam Corp S.A.', 'Dirección: Calle Carbono 151 Urb. La Grimanesa - Callao 01 <br />\r\nTeléfono: (++51)-1- 5155505 / 5720336 <br />\r\nE-mail: \r\n<a href=''gam@gamcorp.com.pe''>gam@gamcorp.com.pe</a> <br />', 7);
INSERT INTO `com_socios` VALUES (16, 'Italcafe S.A.C.', 'Dirección: Urb. San Tadeo R-7 - Lima 09 <br />\r\nTeléfono: (++51)-1- 2665054 <br />\r\nE-mail: \r\n<a href=''mailto:italcafesac@hotmail.com''>italcafesac@hotmail.com</a> <br />', 7);
INSERT INTO `com_socios` VALUES (17, 'J.A. International S.A.', 'Dirección: Calle Alicante 294 – Urb. Higuereta - Lima 33 <br />\r\nTeléfono: (++51)-1- 3260739 <br />\r\nE-mail: <a href=''mailto:jainternationalfrigorificos@gmail.com''>jainternationalfrigorificos@gmail.com</a> <br />', 7);
INSERT INTO `com_socios` VALUES (18, 'SodexhoPass Perú S.A.C.', 'Dirección: Av. Paseo de la República 3245 - Lima 27 <br />\r\nTeléfono: (++51)-1- 5132800 <br />\r\nE-mail: \r\n<a href=''mailto:ventas@sodexhopass.com.pe''>ventas@sodexhopass.com.pe</a>\r\n <br />', 7);
INSERT INTO `com_socios` VALUES (19, 'Todinno S.A.C.', 'Dirección: Av. Circunvalación 850, Urb. La Capitana – Huachipa - Lima 15 <br />\r\nTeléfono: (++51)-1- 3711190 <br />\r\nE-mail: <a href=''mailto:todinno@todinno.com.pe''>\r\ntodinno@todinno.com.pe</a>\r\n <br />', 7);
INSERT INTO `com_socios` VALUES (20, 'Unión de Cervecerías Peruanas Backus y Johnston S.A.A.', 'Dirección: Av. Nicolás Ayllón 3986 - Lima 03 <br />\r\nTeléfono: (++51)-1- 3113000 <br />\r\nE-mail: <a href=''mailto:Martin.gonzalez-olaechea@backus.sabmiller.com''>Martin.gonzalez-olaechea@backus.sabmiller.com</a> <br />', 7);
INSERT INTO `com_socios` VALUES (21, 'Asociación de Artesanos Don Bosco', 'Dirección: Av. Alejandro Tirado 158 Santa Beatriz - Lima 01 <br />\r\nTeléfono: (++51)-1- 2658480 <br />\r\nE-mail: <a href=''arte.lima@omgperu.com''>arte.lima@omgperu.com</a> <br />', 8);
INSERT INTO `com_socios` VALUES (22, 'Bello Perú S.R.L.', 'Dirección: Calle Miguel de Arriaga 123 - Lima 21 <br />\r\nTeléfono: (++51)-1- 4618591 / 998264755 <br />\r\nE-mail: \r\n<a href=''mailto:ulisse@ec-red.com''>ulisse@ec-red.com</a>\r\n <br />', 8);
INSERT INTO `com_socios` VALUES (23, 'Kenec Peruvian Handcrafts', 'Dirección: Jr. Conde de Superunda 225 Int. 229 - Lima 01 <br />\r\nTeléfono: (++51)-1- 4270695 <br />\r\nE-mail: \r\n<a href=''mailto:info@kenecperu.com''>info@kenecperu.com </a><br />', 8);
INSERT INTO `com_socios` VALUES (24, 'Luciano Bernard', 'Dirección: Av. 28 de Julio 895 Dpto. 1508 - Lima 18 <br />\r\nTeléfono: (++51)-1- 997016835 <br />\r\nE-mail: \r\n<a href=''mailto:luciano.bernard@yahoo.it''>\r\nluciano.bernard@yahoo.it </a> <br />', 8);
INSERT INTO `com_socios` VALUES (25, 'Makipura - Direct Trade E.I.R.L.', 'Dirección: Domingo Ponte 767 - Lima 17 <br />\r\nTeléfono: (++51)-1- 4615421 <br />\r\nE-mail: \r\n<a href=''mailto:makipura@infonegocio.net.pe''>makipura@infonegocio.net.pe</a> <br />', 8);
INSERT INTO `com_socios` VALUES (26, 'Aldo Lepori Cappelletti', 'Dirección: Av. Bolivia 144 Centro Cívico Of. de Normalización Provisional - Lima 01 <br />\r\nTeléfono: (++51)-1- 997507114 <br />\r\nE-mail: <a href=''mailto:alepori@onp.gob.pe''>alepori@onp.gob.pe</a> <br />', 9);
INSERT INTO `com_socios` VALUES (27, 'Apoyo Consultoría S.A.C.', 'Dirección: Cl. Gonzales Larrañaga 265 San Antonio - Lima 18 <br />\r\nTeléfono: (++51)-1- 2131100 <br />\r\nE-mail: <a href=''mailto:gcastagnola@apoyoconsultoria.com''>gcastagnola@apoyoconsultoria.com</a> <br />', 9);
INSERT INTO `com_socios` VALUES (28, 'D’Onofrio & Consultores S.A.', 'Dirección: Av. Benavides 250 Of. 134 - Lima 18 <br />\r\nTeléfono: (++51)-1- 4465989 <br />\r\nE-mail: <a href=''adonofrio@speedy.com.pe''>adonofrio@speedy.com.pe</a> <br />', 9);
INSERT INTO `com_socios` VALUES (29, 'FG4 Consultoría Empresarial y Financiera S.A.C.', 'Dirección: Calle José M. Manzanilla - Lima 27 <br />\r\nTeléfono: (++51)-1- 2217139 <br />\r\nE-mail: <a href=''mailto:alanni@terra.com.pe''>alanni@terra.com.pe</a> <br />', 9);
INSERT INTO `com_socios` VALUES (30, 'Italmotor S.A.C. - FIAT', 'Direcci&oacute;n: Av. San Luis 2441 - Lima 41<br />\r\nTel&eacute;fono: (++51)-1- 6128800<br />\r\nE-mail: <a href="mailto: ventas@italmotor.com.pe">ventas@italmotor.com.pe</a><br />', 10);
INSERT INTO `com_socios` VALUES (33, 'Banco de Crédito del Perú', 'Direcci&oacute;n: Cl.Centenario 156 Urb. Laderas de Melgarejo - Lima 12<br />\r\n                        Tel&eacute;fono: (++51)-1- 3132000 (anexo 3852)<br />\r\n                        E-mail:\r\n                        <a href="mailto: gferrari@bcp.com.pe">gferrari@bcp.com.pe</a>', 11);
INSERT INTO `com_socios` VALUES (31, 'Lasaponara Distribuidora S.A.', 'Direcci&oacute;n: Av. Los Eucaliptos 802 Urb. Los Cactus - Lima 12<br />\r\n                        Tel&eacute;fono: (++51)-1- 4376344 / 4360173<br />\r\n                        E-mail:\r\n                        <a href="mailto: dlasaponara@ladisashell.com">dlasaponara@ladisashell.com</a><br />', 10);
INSERT INTO `com_socios` VALUES (32, 'Nissan Maquinarias S.A.', 'Direcci&oacute;n: Av, Camino Real 390 Torre Central Piso 14 - Lima 27<br />\r\n                        Tel&eacute;fono: (++51)-1- 6145555<br />\r\n                        E-mail:\r\n                        <a href="mailto: lquiroz@maquinarias.com.pe">lquiroz@maquinarias.com.pe</a><br />', 10);
INSERT INTO `com_socios` VALUES (34, 'Scotiabank Perú S.A.A.', 'Direcci&oacute;n: Av. Dionisio Derteano 102 - Lima 27<br />\r\n                        Tel&eacute;fono: (++51)-1- 2116000<br />\r\n                        E-mail:\r\n                        <a href="mailto: Scotiaenlinea@scotiabank.com.pe">Scotiaenlinea@scotiabank.com.pe</a><br />', 11);
INSERT INTO `com_socios` VALUES (35, 'Camera di Commercio I.A.A. di Firenze', 'Direcci&oacute;n: Piazza dei Giudici 350122 Firenze - Italia<br />\r\nTel&eacute;fono: (0039-055) - 27951<br />\r\nE-mail: <a href="mailto: info@fi.camcom.it">info@fi.camcom.it</a>', 12);
INSERT INTO `com_socios` VALUES (36, 'Ciano Trading Services S.A.C.', 'Direcci&oacute;n: Av. Camino Real 456 C / 77 - Lima 27<br />\r\nTel&eacute;fono: (++51)-1- 7195642<br />\r\nE-mail: <a href="mailto: cianotrading@cianotrading.net">cianotrading@cianotrading.net</a>', 13);
INSERT INTO `com_socios` VALUES (37, 'Empresa de Representación y Consultoría S.A.- ERECONSA', 'Direcci&oacute;n: Av. Las Artes Norte 1116 - Lima 41<br />\r\n                        Tel&eacute;fono: (++51)-1- 3461739<br />\r\n                        E-mail:\r\n                        <a href="mailto: ereconsa@terra.com.pe">ereconsa@terra.com.pe</a>\r\n                        <a href="mailto: ereconsa@gmail.com">ereconsa@gmail.com</a><br />', 14);
INSERT INTO `com_socios` VALUES (38, 'Olimpo S.A.', 'Direcci&oacute;n: Francisco del Castillo 207 - Lima 18<br />\r\n                        Tel&eacute;fono: (++51)-1- 4461213 / 4467933<br />\r\n                        E-mail:\r\n                        <a href="mailto: olimposa@olimpo.com.pe">olimposa@olimpo.com.pe</a>', 14);
INSERT INTO `com_socios` VALUES (39, 'Perser S.A.', 'Direcci&oacute;n: Calle Antequera 691 - Lima 27<br />\r\n                        Tel&eacute;fono: (++51)-1- 4211300 / 4211313 / 4420944<br />\r\n                        E-mail:\r\n                        <a href="mailto: perser@terra.com.pe">perser@terra.com.pe</a><br />\r\n                        <a href="mailto: perser_sa@hotmail.com">perser_sa@hotmail.com</a>                        \r\n', 14);
INSERT INTO `com_socios` VALUES (40, 'Petropolis S.A', 'Direcci&oacute;n: Av. E. Canaval Moreyra 425 Of. 33-34 - Lima 27<br />\r\n                        Tel&eacute;fono: (++51)-1- 2215334<br />\r\n                        E-mail:\r\n                        <a href="mailto: Edoardo_porcari@petropolis.com.pe">Edoardo_porcari@petropolis.com.pe</a>', 14);
INSERT INTO `com_socios` VALUES (41, 'Arq Studio S.A.C.', 'Direcci&oacute;n: Av. Javier Prado Este 5236, Tda 1cc. La Fontana – Camacho - Lima 12<br />\r\n                        Tel&eacute;fono: (++51)-1- 4217106<br />\r\n                        E-mail:\r\n                        <a href="mailto:arqstudio@arq-studio.com">arqstudio@arq-studio.com</a>  ', 15);
INSERT INTO `com_socios` VALUES (42, 'Cerámica Lima S.A.', 'Direcci&oacute;n: Av. Alfredo Mendiola 1465 Urb.Palao - Lima 31<br />\r\n                        Tel&eacute;fono: (++51)-1- 6140300<br />\r\n                        E-mail:\r\n                        <a href="mailto:acliente@celima.com.pe">acliente@celima.com.pe</a> ', 15);
INSERT INTO `com_socios` VALUES (43, 'Cía. Minera e Industrial Sagitario S.A.', 'Oficina Principal: Francisco Javier Mariátegui 330 - Lima 11<br />\r\n                        Tel&eacute;fono: (++51)-1- 2661042 / (++51)-1- 4729700<br />\r\n						Planta: Huachipa Norte Lt.14-A Sub. Lt. 28 Lurigancho - Chosica -  Lima 15<br />                        \r\n                        Tel&eacute;fono: (++51)-1- 3710611<br />\r\n                        E-mail:\r\n                        <a href="mailto:ghuachipa@hotmail.com">ghuachipa@hotmail.com</a><br />\r\n                        <a href="mailto:gphuachipa@yahoo.com">gphuachipa@yahoo.com</a><br />', 15);
INSERT INTO `com_socios` VALUES (44, 'Decor Center S.A.', 'Direcci&oacute;n: Av. La Molina 473 - Lima 03<br />\r\n                        Tel&eacute;fono: (++51)-1- 6187800<br />\r\n                        E-mail:\r\n                        <a href="mailto:info@decor-center.com">info@decor-center.com</a>   ', 15);
INSERT INTO `com_socios` VALUES (45, 'Graymar S.A.C.', 'Direcci&oacute;n: Av. Arica 550 - Lima 05<br />\r\n                        Tel&eacute;fono: (++51)-1- 4239700<br />\r\n                        E-mail:\r\n                        <a href="mailto:aleyton@gramar.com">aleyton@gramar.com</a>\r\n                        <a href="mailto:sleyton@gramar.com">sleyton@gramar.com</a>', 15);
INSERT INTO `com_socios` VALUES (46, 'Grupo Bonnett S.A.', 'Direcci&oacute;n: Jr. Domingo Martínez Luján 1155 - Lima 34<br />\r\n                        Tel&eacute;fono: (++51)-1- 4461587<br />\r\n                        E-mail:\r\n                        <a href="mailto:aleyton@gramar.com">gerencia@grupobonnett.com</a>\r\n                        <a href="mailto:sleyton@gramar.com">gaf@grupobonnett.com</a>', 15);
INSERT INTO `com_socios` VALUES (47, 'Ital Gres Industrial S.A.C.', 'Direcci&oacute;n: Av. La Capitana Mz. L Lt. 9 – Huachipa - Lima 36<br />\r\n                        Tel&eacute;fono: (++51)-1- 3562424 / 3561888 / 3561914 / 3562347<br />\r\n                        E-mail:\r\n                        <a href="mailto:italo@ladrillositalperu.com">italo@ladrillositalperu.com</a><br />', 0);
INSERT INTO `com_socios` VALUES (48, 'Manipuladores y Equipos para Construcción - MEPCO S.A.C.', '                        Direcci&oacute;n: Calle Badajoz 134 San Luis - Lima 30<br />\r\n                        Tel&eacute;fono: (++51)-1- 3460099<br />\r\n                        E-mail:\r\n                        <a href="mailto:ventas@mepcoperu.com">ventas@mepcoperu.com</a><br />', 0);
INSERT INTO `com_socios` VALUES (49, 'Servitec S.A.', 'Direcci&oacute;n: Manuel Segura Nº 315 – 201 - Lima 01<br />\r\n                        Tel&eacute;fono: (++51)-1- 4715344 / 4711610<br />\r\n                        E-mail:\r\n                        <a href="mailto:servitecsa@speedy.com.pe">servitecsa@speedy.com.pe</a>', 15);
INSERT INTO `com_socios` VALUES (50, 'Tecnología de Materiales S.A.', 'Direcci&oacute;n: Av. Alameda Los Horizontes Nº 905 Urb. Los Huertos de Villa - Lima 09<br />\r\n                        Tel&eacute;fono: (++51)-1- 6174700<br />\r\n                        E-mail:\r\n                        <a href="mailto:pgiacchetti@tdm.com.pe">pgiacchetti@tdm.com.pe</a>', 15);
INSERT INTO `com_socios` VALUES (51, 'Veneto Inversiones S.A.C.', 'Direcci&oacute;n: Calle Chamaya 145 Dpto. 201 - Lima 32<br />\r\n                        Tel&eacute;fono: (++51)-1- 4205492 / 5619832<br />\r\n                        E-mail:\r\n                        <a href="mailto: venetoinversionessac@speedy.com.pe">venetoinversionessac@speedy.com.pe</a>', 15);
INSERT INTO `com_socios` VALUES (52, 'Graf y Asociados S.A.C.', 'Direcci&oacute;n: Av.Giuseppe Garibaldi 327 - Lima 11<br />\r\n                        Tel&eacute;fono: (++51)-1- 3141172 / 4336010 / 999655655 / 998114233<br />\r\n                        E-mail:\r\n                        <a href="mailto:alfredo.graf@alfredograf.com">alfredo.graf@alfredograf.com</a>', 16);
INSERT INTO `com_socios` VALUES (53, 'Los Libros Más Pequeños del Mundo E.I.R.L.', 'Direcci&oacute;n: Jr. Los Pelitres 1784 Urb. San Hilarión S.J.L. - Lima 36<br />\r\n                        Tel&eacute;fono: (++51)-1- 4584590<br />\r\n                        E-mail:\r\n                        <a href="mailto: ventas@minibooks.com">ventas@minibooks.com</a>', 17);
INSERT INTO `com_socios` VALUES (54, 'M & M Empresarial S.A.C. - Escuela de Adm.y Turismo Monte Catini', 'Direcci&oacute;n: Av. Angamos Este 2624 - Lima 34<br />\r\n                        Tel&eacute;fono: (++51)-1- 2712811 - 2719595<br />\r\n                        E-mail:\r\n                        <a href="mailto: montecatini@terra.com.pe">montecatini@terra.com.pe</a>', 18);
INSERT INTO `com_socios` VALUES (55, 'Servicio Nacional de Adiestramiento en Trabajo Industrial - SENATI', 'Direcci&oacute;n: Av. Alfredo Mendiola Nª 3520 Independencia - Lima 28<br />\r\n                        Tel&eacute;fono: (++51)-1- 5334485<br />\r\n                        E-mail:\r\n                        <a href="mailto: arossi@senati.edu.pe">arossi@senati.edu.pe</a><br />', 18);
INSERT INTO `com_socios` VALUES (56, 'Universidad Católica Sedes Sapientiae', 'Direcci&oacute;n: Esq. Constelación y Sol de Oro s/n Urb.Sol de Oro - Lima 39<br />\r\n                        Tel&eacute;fono: (++51)-1- 5330008 / 5335744 / 5336234 / 5330079 / 5332555<br />\r\n                        E-mail:\r\n                        <a href="mailto: universidad@ucss.edu.pe">universidad@ucss.edu.pe</a>', 18);
INSERT INTO `com_socios` VALUES (57, 'Edelnor S.A.A.', 'Direcci&oacute;n: Calle César López Rojas 201 Urb. Maranga - Lima 32<br />\r\n                        Tel&eacute;fono: (++51)-1- 5612001<br />\r\n                        E-mail:\r\n                        <a href="mailto: rgonzalesca@edelnor.com.pe">rgonzalesca@edelnor.com.pe</a>', 19);
INSERT INTO `com_socios` VALUES (58, 'Upsolution''s S.R.L.', 'Direcci&oacute;n: Prolg. Cusco 1083 Urb.Pando IV Etapa - Lima 32<br />\r\n                        Tel&eacute;fono: (++51)-1- 2194700<br />\r\n                        E-mail:\r\n                        <a href="mailto: c.ayala@upsolutionsperu.com">c.ayala@upsolutionsperu.com</a>', 19);
INSERT INTO `com_socios` VALUES (59, 'Famesa Explosivos S.A.C.', 'Direcci&oacute;n: Carretera Autopista Ancón Km.28 - Lima 22<br />\r\n                        Tel&eacute;fono: (++51)-1- 6139800<br />\r\n                        E-mail:\r\n                        <a href="mailto: oficinacentral@famesa.com.pe">oficinacentral@famesa.com.pe</a><br />', 20);
INSERT INTO `com_socios` VALUES (60, 'Quattro "D" S.A. - Alimentos San Charbel S.A.C.', 'Direcci&oacute;n: Jr. Los Pelitres 1784 Urb. San Hilarión S.J.L. - Lima 36<br />\r\n                        Tel&eacute;fono: (++51)-1- 4429888 / 4429887 / 4429886<br />\r\n                        E-mail:\r\n                        <a href="mailto: administracion@4d.com.pe">administracion@4d.com.pe</a>', 21);
INSERT INTO `com_socios` VALUES (61, 'Società del Ponte S.A.C.', 'Direcci&oacute;n: Av. La Paz 1381 - Lima 18<br />\r\n                        Tel&eacute;fono: Nextel 411*7943<br />\r\n                        E-mail:\r\n                        <a href="mailto: f.niosi@nana.com.pe">f.niosi@nana.com.pe</a><br />', 21);
INSERT INTO `com_socios` VALUES (62, 'Doubletree El Pardo Hotel – Inversiones Brade S.A.', 'Direcci&oacute;n: Jr. Independencia 141 - Lima 18<br />\r\n                        Tel&eacute;fono: (++51)-1- 6171000<br />\r\n                        E-mail:\r\n                        <a href="mailto: pardohot@doubletreeelpardo.com.pe">pardohot@doubletreeelpardo.com.pe</a><br />', 22);
INSERT INTO `com_socios` VALUES (63, 'Sol de Oro Hotekl & Suites Edificios y Construcciones Santa Patricia', 'Direcci&oacute;n: Jr. San Martín 305 - Lima 18<br />\r\n                        Tel&eacute;fono: (++51)-1- 6107000<br />\r\n                        E-mail:\r\n                        <a href="mailto: jsalinas@soldeoro.com.pe">jsalinas@soldeoro.com.pe</a>', 22);
INSERT INTO `com_socios` VALUES (64, 'Swissôtel Lima Hotelera Costa del Pacífico S.A.', 'Direcci&oacute;n: Via. Central 150 Centro Empresarial Real - Lima 27<br />\r\n                        Tel&eacute;fono: (++51)-1- 4214400<br />', 22);
INSERT INTO `com_socios` VALUES (65, 'REFASA S.A.C.', 'Direcci&oacute;n: Enrique Villanueva 105 Urb. J. Pablo de Monterrico - Lima 33<br />\r\n                        Tel&eacute;fono: (++51)-1- 6103100<br />\r\n                        E-mail:\r\n                        <a href="mailto: refasagg@refasa.com.pe">refasagg@refasa.com.pe</a>', 23);
INSERT INTO `com_socios` VALUES (66, 'Petrex S.A.', 'Direcci&oacute;n: Las Camelias 585 - Lima 27<br />\r\n                        Tel&eacute;fono: (++51)-1- 2215050<br />\r\n                        E-mail:\r\n                        <a href="mailto: luciano.furini@petrex.com.pe">luciano.furini@petrex.com.pe</a>', 24);
INSERT INTO `com_socios` VALUES (67, 'PTC S.A.C.', 'Direcci&oacute;n: Av. Alfonso Ugarte 1855 - Lima 03<br />\r\n                        Tel&eacute;fono: (++51)-1- 3560403<br />\r\n                        E-mail:\r\n                        <a href="mailto: ventas@ptcsac.com">ventas@ptcsac.com</a><br />\r\n                        <a href="mailto: ptcsac@speedy.com.pe">ptcsac@speedy.com.pe</a>', 24);
INSERT INTO `com_socios` VALUES (68, 'Arin S.A.', 'Direcci&oacute;n: El Amauta 197 Urb. San Juan Bautista de Villa - Lima 09<br />\r\n                        Tel&eacute;fono: (++51)-1- 2547892 (anexo 200)<br />\r\n                        E-mail:\r\n                        <a href="mailto: machh@arinsa.com.pe">machh@arinsa.com.pe</a>', 25);
INSERT INTO `com_socios` VALUES (69, 'Boutique Lucett’s E.I.R.L.', 'Direcci&oacute;n: Av. Diez Canseco 259 Tda. 11 - Lima 18<br />\r\n                        Tel&eacute;fono: (++51)-1- 4453899<br />\r\n                        E-mail:\r\n                        <a href="mailto: eco@intihuatanaperu.com">eco@intihuatanaperu.com</a>', 25);
INSERT INTO `com_socios` VALUES (70, 'Casa Banchero S.A.', 'Direcci&oacute;n: Av. La Paz 1010 - Lima 18<br />\r\n                        Tel&eacute;fono: (++51)-1- 2410100<br />\r\n                        E-mail:\r\n                        <a href="mailto: joyas@casabanchero.com">joyas@casabanchero.com</a>', 25);
INSERT INTO `com_socios` VALUES (71, 'Vasco S.A.', 'Direcci&oacute;n: Domingo Orué 784 -786 - Lima 34<br />\r\n                        Tel&eacute;fono: (++51)-1- 4445933 / 4471295 / 4443030<br />\r\n                        E-mail:\r\n                        <a href="mailto: vasco@terra.com.pe">vasco@terra.com.pe</a>', 25);
INSERT INTO `com_socios` VALUES (72, 'Iberia, Líneas Aéreas de España S.A.', 'Direcci&oacute;n: Av. Camino Real 390 Torre Central Of. 902 - Lima 27<br />\r\n                        Tel&eacute;fono: (++51)-1- 4117838<br />\r\n                        E-mail:\r\n                        <a href="mailto:limus@iberia.es">limus@iberia.es</a>', 26);
INSERT INTO `com_socios` VALUES (73, 'Strategic Aviation Perú S.A.', 'Direcci&oacute;n: Bolognesi 291 - Lima 18<br />\r\n                        Tel&eacute;fono: (++51)-1- 2411026 / 2418280 / 2416767 / 2418303<br />\r\n                        E-mail:\r\n                        <a href="mailto:vschenone@strategic.com.pe">vschenone@strategic.com.pe</a>', 26);
INSERT INTO `com_socios` VALUES (74, 'Strategic Aviation Perú S.A.', 'Direcci&oacute;n: Bolognesi 291 - Lima 18<br />\r\n                        Tel&eacute;fono: (++51)-1- 2411026 / 2418280 / 2416767 / 2418303<br />\r\n                        E-mail:\r\n                        <a href="mailto:vschenone@strategic.com.pe">vschenone@strategic.com.pe</a>', 26);
INSERT INTO `com_socios` VALUES (75, 'Maderas Peruanas S.A.C.', 'Direcci&oacute;n: Av. Colonial 1880 - Lima 01<br />\r\n                        Tel&eacute;fono: (++51)-1- 3366750 / 3366752<br />\r\n                        E-mail:\r\n                        <a href="mailto:mapesa@terra.com.pe">mapesa@terra.com.pe</a><br />\r\n                        <a href="mailto:isabelfranchini@maderasperuanas.com">isabelfranchini@maderasperuanas.com</a>', 27);
INSERT INTO `com_socios` VALUES (76, 'Amazon Corporation S.A.', 'Direcci&oacute;n: Av. Nicolás Arriola 905 - Lima 13<br />\r\n                        Tel&eacute;fono: (++51)-1- 2659549 / 2659612 / 2659602<br />\r\n                        E-mail:\r\n                        <a href="mailto:amazon@amazoncorporation.com.pe">amazon@amazoncorporation.com.pe</a>', 28);
INSERT INTO `com_socios` VALUES (77, 'Caminter S.A.', 'Direcci&oacute;n: Jr. Pablo Bermúdez 150 Of. 6A - Lima 01<br />\r\n                        Tel&eacute;fono: (++51)-1- 4330920 / 4331030<br />\r\n                        E-mail:\r\n                        <a href="mailto:caminter@speedy.com.pe">caminter@speedy.com.pe</a>', 28);
INSERT INTO `com_socios` VALUES (78, 'Dibipack E.I.R.L.', 'Direcci&oacute;n: Cl. Los Plateros 205 Urb.El Artesano - Lima 03<br />\r\n                        Tel&eacute;fono: (++51)-1- 4376710<br />\r\n                        E-mail:\r\n                        <a href="mailto:dibipack@speedy.com.pe">dibipack@speedy.com.pe</a>', 28);
INSERT INTO `com_socios` VALUES (79, 'ICC Perú S.A.C.', 'Direcci&oacute;n: Av. El Santuario Nº 1437 Urb. Zarate - Lima 36<br />\r\n                        Tel&eacute;fono: (++51)-1- 3760233<br />\r\n                        E-mail:\r\n                        <a href="mailto:earias@iccperu.com">earias@iccperu.com</a>', 28);
INSERT INTO `com_socios` VALUES (80, 'Kaff&eacute; Service S.A.C.', 'Direcci&oacute;n: Shell 276-C - Lima 18<br />\r\n                        Tel&eacute;fono: (++51)-1- 4442277<br />\r\n                        E-mail:\r\n                        <a href="mailto:kaffe@kaffe.com.pe">kaffe@kaffe.com.pe</a>', 28);
INSERT INTO `com_socios` VALUES (81, 'Tecnológica Industrial Representaciones S.A.C. TIRSAC', 'Direcci&oacute;n: Av. Benavides 605 Dpto.601 - Lima 18<br />\r\n                        Tel&eacute;fono: (++51)-1- 4443948 / 4443500<br />\r\n                        E-mail:\r\n                        <a href="mailto:info@tirsac.net">info@tirsac.net</a>', 28);
INSERT INTO `com_socios` VALUES (82, 'Fabricación de Repuestos S.A.', 'Direcci&oacute;n: Cl. 6 Mz. D Lt.17 Urb. Industrial Grimaneza - Callao 01<br />\r\n                        Tel&eacute;fono: (++51)-1- 5720079 / 5721666 / 5720629 / 5720669<br />\r\n                        E-mail:\r\n                        <a href="mailto: faresa@speedy.com.pe">faresa@speedy.com.pe</a><br />\r\n                        <a href="mailto: faresaprod@speedy.com.pe">faresaprod@speedy.com.pe</a><br />\r\n                        <a href="mailto: faresaproduccion@hotmail.com">faresaproduccion@hotmail.com</a>', 29);
INSERT INTO `com_socios` VALUES (83, 'Industrial Tubos S.A.', 'Direcci&oacute;n: Av. Néstor Gambeta 205 - La Chalaca - Callao 01<br />\r\n                        Tel&eacute;fono: (++51)-1- 4650023 / 4298099<br />\r\n                        E-mail:\r\n                        <a href="mailto: itsa@itsaperu.com">itsa@itsaperu.com</a>', 29);
INSERT INTO `com_socios` VALUES (84, 'N&B Ingenieros S.A.C.', 'Direcci&oacute;n: Av. Nestor Gambeta 5687 - Callao 01<br />\r\n                        Tel&eacute;fono: (++51)-1- 5770396<br />\r\n                        E-mail:\r\n                        <a href="mailto: r.nunez@nybingenieros.com">r.nunez@nybingenieros.com</a>', 29);
INSERT INTO `com_socios` VALUES (85, 'Sociedad Industrial de Artículos de Metal S.A.C.', 'Direcci&oacute;n: Jr. Cajamarca 559 - Lima 25<br />\r\n                        Tel&eacute;fono: (++51)-1- 4811570 / 4820030<br />\r\n                        E-mail:\r\n                        <a href="mailto: gerencia@siam.com.pe">gerencia@siam.com.pe</a><br />', 29);
INSERT INTO `com_socios` VALUES (86, 'Inkabor S.A.C.', 'Direcci&oacute;n: Av. Italia 101 Parque Industrial Río Seco - Arequipa<br />\r\n                        Tel&eacute;fono: (++51) - (54) 444400<br />\r\n                        E-mail:\r\n                        <a href="mailto: info@inkabor.com">info@inkabor.com</a><br />', 30);
INSERT INTO `com_socios` VALUES (87, 'Tenminste S.A.C.', 'Direcci&oacute;n: Calle Santa Isabel 180 - Lima 18<br />\r\n                        Tel&eacute;fono: (++51)-1- 4470847 / 4470934 / 4475255<br />\r\n                        E-mail:\r\n                        <a href="mailto: nudelman@tenminste.com">nudelman@tenminste.com</a>', 30);
INSERT INTO `com_socios` VALUES (88, 'Axis Consultores en Diseño S.A.C.', 'Direcci&oacute;n: Chamberi 184 - Lima 18<br />\r\n                        Tel&eacute;fono: (++51)-1- 2226161<br />\r\n                        E-mail:\r\n                        <a href="mailto:cferrari@axis.com.pe">cferrari@axis.com.pe </a>', 31);
INSERT INTO `com_socios` VALUES (89, 'Arte Integral S.A.C.', 'Direcci&oacute;n: Av. Aramburú 166 Of. 2C. - Lima 18<br />\r\n                        Tel&eacute;fono: (++51)-1- 4218512<br />\r\n                        E-mail:\r\n                        <a href="mailto:Sheiva.bedoya@pe.abb.com">info@arteintegral.com </a>', 31);
INSERT INTO `com_socios` VALUES (90, 'Involucra S.A.C.', 'Direcci&oacute;n: Av. Pablo Carriquirry 197 3er Piso - Lima 27<br />\r\n                        Tel&eacute;fono: (++51)-1- 2244446<br />\r\n                        E-mail:\r\n                        <a href="mailto:info@involucra.com ">info@involucra.com</a>', 31);
INSERT INTO `com_socios` VALUES (91, 'Il Postino - Bramante SAC', 'Direcci&oacute;n: Calle de la Colina 401 - Lima 18<br />\r\n                        Tel&eacute;fono: (++51)-1- 4468381<br />\r\n                        E-mail:\r\n                        <a href="mailto:postino@amauta.rcp.net.pe">postino@amauta.rcp.net.pe</a><br />', 32);
INSERT INTO `com_socios` VALUES (92, 'OPELUCE', 'Direcci&oacute;n: Av. Arequipa 1885 - Lima 14<br />\r\n                        Tel&eacute;fono: (++51)-1- 4728829<br />\r\n                        E-mail:\r\n                        <a href="mailto:spmontenegro@opeluce.com.pe">spmontenegro@opeluce.com.pe</a>', 33);
INSERT INTO `com_socios` VALUES (93, 'Consorcio Agua Azul S.A.', 'Direcci&oacute;n: Cl. Amador Merino Reyna 307 Of. 803 - Lima 27<br />\r\n                        Tel&eacute;fono: (++51)-1- 4417072<br />\r\n                        E-mail:\r\n                        <a href="mailto:aarias@caa.com.pe">aarias@caa.com.pe</a><br />', 34);
INSERT INTO `com_socios` VALUES (94, 'Gruppo Sicurezza S.A.C.', 'Direcci&oacute;n: Calle Coronel Inclán 131 Of. 9 - Lima 18<br />\r\n                        Tel&eacute;fono: (++51)-1- 2429006<br />\r\n                        E-mail:\r\n                        <a href="mailto:gerencia@dpaso.pe">gerencia@dpaso.pe</a>\r\n						<a href="mailto:informes@dpaso.pe">informes@dpaso.pe</a>', 35);
INSERT INTO `com_socios` VALUES (95, 'Graña y Asociados Corredores de Seguros S.A.', 'Direcci&oacute;n: Av. Paseo de la República 3195 Of. 802 - Lima 27<br />\r\n                        Tel&eacute;fono: (++51)-1- 4216257<br />\r\n                        E-mail:\r\n                        <a href="mailto:patricia@gyaseguros.com.pe">patricia@gyaseguros.com.pe</a><br />', 36);
INSERT INTO `com_socios` VALUES (96, 'Mapfre Perú Vida Compañía de Seguros', 'Direcci&oacute;n: Av. 28 de Julio 873 - Lima 18<br />\r\n                        Tel&eacute;fono: (++51)-1- 2137373<br />\r\n                        E-mail:\r\n                        <a href="mailto:rcalda@mapfreperu.com">rcalda@mapfreperu.com</a><br />', 36);
INSERT INTO `com_socios` VALUES (97, 'Uccelli & Asociados S.A. Corredores de Seguros', 'Direcci&oacute;n: Av. Camino Real 1225 Of. 202 - Lima 27<br />\r\n                        Tel&eacute;fono: (++51)-1- 4223003<br />\r\n                        E-mail:\r\n                        <a href="mailto:guccelli@uccelliseguros.com.pe">guccelli@uccelliseguros.com.pe</a><br />', 36);
INSERT INTO `com_socios` VALUES (98, 'Estudio Berninzon, Loret de Mola, Benavides & Fernández Abogados S.C.R.L', 'Direcci&oacute;n: Av. Camino Real No. 390 Of. 801, Centro Comercial Camino Real - Torre Central - Lima 27<br />\r\n                        Tel&eacute;fono: (++51)-1- 2225252<br />\r\n                        E-mail:\r\n                        <a href="mailto:gastonfernandez@berlegal.com">gastonfernandez@berlegal.com</a><br />', 38);
INSERT INTO `com_socios` VALUES (99, 'Estudio Ferrero Abogados S. Civil R. Ltda.', 'Direcci&oacute;n: Av. Víctor Andrés Belaúnde 394 - Lima 27<br />\r\n                        Tel&eacute;fono: (++51)-1- 5137200<br />\r\n                        E-mail:\r\n                        <a href="mailto:postmast@ferrero.com.pe">postmast@ferrero.com.pe</a><br />', 38);
INSERT INTO `com_socios` VALUES (100, 'Estudio Manuel Aramburú Yrigoyen & Asociados S.A.', 'Direcci&oacute;n: Calle Lord Nelson 245 - Lima 18<br />\r\n                        Tel&eacute;fono: (++51)-1- 6106161<br />\r\n                        E-mail:\r\n                        <a href="mailto:aramburucaminoboero@acb-abogados.com">aramburucaminoboero@acb-abogados.com</a><br />', 38);
INSERT INTO `com_socios` VALUES (101, 'Estudio Rubio, Leguía, Normand y Asociados Sociedad Civíl de R.L.', 'Direcci&oacute;n: Av. Dos de Mayo 1321 - Lima 27<br />\r\n                        Tel&eacute;fono: (++51)-1- 4424900<br />\r\n                        E-mail:\r\n                        <a href="mailto:gacuna@erubio.com.pe">gacuna@erubio.com.pe</a><br />', 38);
INSERT INTO `com_socios` VALUES (102, 'Muñiz, Ramírez, Pérez-Taiman & Luna-Victoria S.C.R.Ltda.', 'Direcci&oacute;n: Las Begonias 475 Piso 6 - Lima 27<br />\r\n                        Tel&eacute;fono: (++51)-1- 6117000<br />\r\n                        E-mail:\r\n                        <a href="mailto:contactenos@munizlaw.com">contactenos@munizlaw.com</a>', 38);
INSERT INTO `com_socios` VALUES (103, 'ABB S.A.', 'Direcci&oacute;n: Av. Argentina 3120 - Lima 01<br />\r\n                        Tel&eacute;fono: (++51)-1- 4155100<br />\r\n                        E-mail:\r\n                        <a href="mailto:Sheiva.bedoya@pe.abb.com">Sheiva.bedoya@pe.abb.com</a><br />\r\n                        <a href="mailto:fabiola.lescano@pe.abb.com">fabiola.lescano@pe.abb.com</a><br />', 39);
INSERT INTO `com_socios` VALUES (106, 'Claudia Bertolero E.I.R.L.', 'Direcci&oacute;n: Calle Via Lactea 311 Monterrico - Lima 33<br />\r\n                Tel&eacute;fono: (++51)-1- 4341458<br />\r\n                E-mail:\r\n                <a href="mailto:info@claudiabertolero.com">info@claudiabertolero.com</a><br />', 41);
INSERT INTO `com_socios` VALUES (105, 'Inversiones Computek S.A.', 'Direcci&oacute;n: Calle Raúl Rebagliati 164 - Santa Catalina - Lima 13<br />\r\n                        Tel&eacute;fono: (++51)-1- 4150144<br />\r\n                        E-mail:\r\n                        <a href="mailto:fvillamil@loginstore.com">fvillamil@loginstore.com</a><br />', 40);
INSERT INTO `com_socios` VALUES (107, 'Cotton Knit S.A.C.', 'Direcci&oacute;n: Santa Sofía 165 – 171 Urb. Industrial - La Aurora - Lima 03<br />\r\n                Tel&eacute;fono: (++51)-1- 6187777 (anexo 143)<br />\r\n                E-mail:\r\n                <a href="mailto:amajluf@cottonknit.com">amajluf@cottonknit.com</a><br />', 41);
INSERT INTO `com_socios` VALUES (108, 'Designers S.A.C.', 'Direcci&oacute;n: Calle Miguel Dasso 101 - Lima 27<br />\r\n                Tel&eacute;fono: (++51)-1- 6287210<br />\r\n                E-mail:\r\n                <a href="mailto:cdelsolar@designers-peru.com">cdelsolar@designers-peru.com</a><br />', 41);
INSERT INTO `com_socios` VALUES (109, 'Inversiones Comindustria S.A.', 'Direcci&oacute;n: Av. Separadora Industrial 4299 - Lima 03<br />\r\n                Tel&eacute;fono: (++51)-1- 3511524<br />\r\n                E-mail:\r\n                <a href="mailto:geri@comindu.com.pe">geri@comindu.com.pe</a><br />', 41);
INSERT INTO `com_socios` VALUES (110, 'Topy Top S.A.', 'Direcci&oacute;n: Av. Santuario 1323 Zárate, San Juan de Lurigancho - Lima 36<br />\r\n                Tel&eacute;fono: (++51)-1- 3193000 (anexo 3236)<br />\r\n                E-mail:\r\n                <a href="mailto:edaneliuc@topytop.com.pe">edaneliuc@topytop.com.pe</a><br />', 41);
INSERT INTO `com_socios` VALUES (111, 'Daniel García Chávez-Riva', 'Direcci&oacute;n: Tejada 259 Dpto. 703 - Lima 18<br />\r\n                Tel&eacute;fono: 2557026<br />\r\n                E-mail:\r\n                <a href="mailto:dangar19@hotmail.com">dangar19@hotmail.com</a><br />', 42);
INSERT INTO `com_socios` VALUES (112, 'Mistrosanti S.A.C.', 'Direcci&oacute;n: Av. Mariscal Andrés Avelino Cáceres 146 - Lima 18<br />\r\n                Tel&eacute;fono: (++51)-1- 4466497<br />\r\n                E-mail:\r\n                <a href="mailto:mistroventas@infonegocio.net.pe">mistroventas@infonegocio.net.pe</a><br />', 43);
